vallot_0001_(3).bmp,1,White
vallot_0001_(3).bmp,2,Black
vallot_0001_(3).bmp,3,Black
vallot_0001_(3).bmp,4,Black
vallot_0001_(3).bmp,5,Black
vallot_0001_(3).bmp,6,White
vallot_0001_(4).bmp,1,White
vallot_0001_(4).bmp,2,Black
vallot_0001_(4).bmp,3,Black
vallot_0001_(4).bmp,4,Black
vallot_0001_(4).bmp,5,Black
vallot_0001_(4).bmp,6,White
vallot_0001_(5).bmp,1,White
vallot_0001_(5).bmp,2,Black
vallot_0001_(5).bmp,3,Black
vallot_0001_(5).bmp,4,Black
vallot_0001_(5).bmp,5,Black
vallot_0001_(5).bmp,6,White
vallot_0001_(6).bmp,1,White
vallot_0001_(6).bmp,2,Black
vallot_0001_(6).bmp,3,Black
vallot_0001_(6).bmp,4,Black
vallot_0001_(6).bmp,5,Black
vallot_0001_(6).bmp,6,White
vallot_0001_(7).bmp,1,White
vallot_0001_(7).bmp,2,Black
vallot_0001_(7).bmp,3,Black
vallot_0001_(7).bmp,4,Black
vallot_0001_(7).bmp,5,Black
vallot_0001_(7).bmp,6,White
vallot_0001_(8).bmp,1,White
vallot_0001_(8).bmp,2,Black
vallot_0001_(8).bmp,3,Black
vallot_0001_(8).bmp,4,Black
vallot_0001_(8).bmp,5,Black
vallot_0001_(8).bmp,6,White
vallot_0001_(9).bmp,1,White
vallot_0001_(9).bmp,2,Black
vallot_0001_(9).bmp,3,Black
vallot_0001_(9).bmp,4,Black
vallot_0001_(9).bmp,5,Black
vallot_0001_(9).bmp,6,White
vallot_0001_(3).bmp,1,White
vallot_0001_(3).bmp,2,Black
vallot_0001_(3).bmp,3,Black
vallot_0001_(3).bmp,4,Black
vallot_0001_(3).bmp,5,Black
vallot_0001_(3).bmp,6,White
vallot_0001_(4).bmp,1,White
vallot_0001_(4).bmp,2,Black
vallot_0001_(4).bmp,3,Black
vallot_0001_(4).bmp,4,Black
vallot_0001_(4).bmp,5,Black
vallot_0001_(4).bmp,6,White
vallot_0001_(5).bmp,1,White
vallot_0001_(5).bmp,2,Black
vallot_0001_(5).bmp,3,Black
vallot_0001_(5).bmp,4,Black
vallot_0001_(5).bmp,5,Black
vallot_0001_(5).bmp,6,White
vallot_0001_(6).bmp,1,White
vallot_0001_(6).bmp,2,Black
vallot_0001_(6).bmp,3,Black
vallot_0001_(6).bmp,4,Black
vallot_0001_(6).bmp,5,Black
vallot_0001_(6).bmp,6,White
vallot_0001_(7).bmp,1,White
vallot_0001_(7).bmp,2,Black
vallot_0001_(7).bmp,3,Black
vallot_0001_(7).bmp,4,Black
vallot_0001_(7).bmp,5,Black
vallot_0001_(7).bmp,6,White
vallot_0001_(8).bmp,1,White
vallot_0001_(8).bmp,2,Black
vallot_0001_(8).bmp,3,Black
vallot_0001_(8).bmp,4,Black
vallot_0001_(8).bmp,5,Black
vallot_0001_(8).bmp,6,White
vallot_0001_(9).bmp,1,White
vallot_0001_(9).bmp,2,Black
vallot_0001_(9).bmp,3,Black
vallot_0001_(9).bmp,4,Black
vallot_0001_(9).bmp,5,Black
vallot_0001_(9).bmp,6,White
vallot_0001_(10).bmp,1,White
vallot_0001_(10).bmp,2,Black
vallot_0001_(10).bmp,3,Black
vallot_0001_(10).bmp,4,Black
vallot_0001_(10).bmp,5,Black
vallot_0001_(10).bmp,6,White
vallot_0001_(11).bmp,1,White
vallot_0001_(11).bmp,2,Black
vallot_0001_(11).bmp,3,Black
vallot_0001_(11).bmp,4,Black
vallot_0001_(11).bmp,5,Black
vallot_0001_(11).bmp,6,White
vallot_0001_(12).bmp,1,White
vallot_0001_(12).bmp,2,Black
vallot_0001_(12).bmp,3,Black
vallot_0001_(12).bmp,4,Black
vallot_0001_(12).bmp,5,Black
vallot_0001_(12).bmp,6,White
vallot_0001_(13).bmp,1,White
vallot_0001_(13).bmp,2,Black
vallot_0001_(13).bmp,3,Black
vallot_0001_(13).bmp,4,Black
vallot_0001_(13).bmp,5,Black
vallot_0001_(13).bmp,6,White
vallot_0001_(14).bmp,1,White
vallot_0001_(14).bmp,2,Black
vallot_0001_(14).bmp,3,Black
vallot_0001_(14).bmp,4,Black
vallot_0001_(14).bmp,5,Black
vallot_0001_(14).bmp,6,White
vallot_0001_(15).bmp,1,White
vallot_0001_(15).bmp,2,Black
vallot_0001_(15).bmp,3,Black
vallot_0001_(15).bmp,4,Black
vallot_0001_(15).bmp,5,Black
vallot_0001_(15).bmp,6,White
vallot_0001_(16).bmp,1,White
vallot_0001_(16).bmp,2,Black
vallot_0001_(16).bmp,3,Black
vallot_0001_(16).bmp,4,Black
vallot_0001_(16).bmp,5,Black
vallot_0001_(16).bmp,6,White
vallot_0001_(17).bmp,1,White
vallot_0001_(17).bmp,2,Black
vallot_0001_(17).bmp,3,Black
vallot_0001_(17).bmp,4,Black
vallot_0001_(17).bmp,5,Black
vallot_0001_(17).bmp,6,White
vallot_0001_(18).bmp,1,White
vallot_0001_(18).bmp,2,Black
vallot_0001_(18).bmp,3,Black
vallot_0001_(18).bmp,4,Black
vallot_0001_(18).bmp,5,Black
vallot_0001_(18).bmp,6,White
vallot_0001_(19).bmp,1,White
vallot_0001_(19).bmp,2,Black
vallot_0001_(19).bmp,3,Black
vallot_0001_(19).bmp,4,Black
vallot_0001_(19).bmp,5,Black
vallot_0001_(19).bmp,6,White
vallot_0001_(20).bmp,1,White
vallot_0001_(20).bmp,2,Black
vallot_0001_(20).bmp,3,Black
vallot_0001_(20).bmp,4,Black
vallot_0001_(20).bmp,5,Black
vallot_0001_(20).bmp,6,White
vallot_0001_(21).bmp,1,White
vallot_0001_(21).bmp,2,Black
vallot_0001_(21).bmp,3,Black
vallot_0001_(21).bmp,4,Black
vallot_0001_(21).bmp,5,Black
vallot_0001_(21).bmp,6,White
vallot_0001.bmp,1,White
vallot_0001.bmp,2,Black
vallot_0001.bmp,3,Black
vallot_0001.bmp,4,Black
vallot_0001.bmp,5,Black
vallot_0001.bmp,6,White
vallot_0002.bmp,1,White
vallot_0002.bmp,2,Black
vallot_0002.bmp,3,Black
vallot_0002.bmp,4,Black
vallot_0002.bmp,5,Black
vallot_0002.bmp,6,White
vallot_0004_-_Copy_-_Copy_(12)_-_Copy.bmp,1,White
vallot_0004_-_Copy_-_Copy_(12)_-_Copy.bmp,2,Black
vallot_0004_-_Copy_-_Copy_(12)_-_Copy.bmp,3,Black
vallot_0004_-_Copy_-_Copy_(12)_-_Copy.bmp,4,Black
vallot_0004_-_Copy_-_Copy_(12)_-_Copy.bmp,5,Black
vallot_0004_-_Copy_-_Copy_(12)_-_Copy.bmp,6,White
vallot_0004_-_Copy_-_Copy_(13)_-_Copy.bmp,1,White
vallot_0004_-_Copy_-_Copy_(13)_-_Copy.bmp,2,Black
vallot_0004_-_Copy_-_Copy_(13)_-_Copy.bmp,3,Black
vallot_0004_-_Copy_-_Copy_(13)_-_Copy.bmp,4,Black
vallot_0004_-_Copy_-_Copy_(13)_-_Copy.bmp,5,Black
vallot_0004_-_Copy_-_Copy_(13)_-_Copy.bmp,6,White
vallot_0004_-_Copy_-_Copy_(14)_-_Copy.bmp,1,White
vallot_0004_-_Copy_-_Copy_(14)_-_Copy.bmp,2,Black
vallot_0004_-_Copy_-_Copy_(14)_-_Copy.bmp,3,Black
vallot_0004_-_Copy_-_Copy_(14)_-_Copy.bmp,4,Black
vallot_0004_-_Copy_-_Copy_(14)_-_Copy.bmp,5,Black
vallot_0004_-_Copy_-_Copy_(14)_-_Copy.bmp,6,White
vallot_0004_-_Copy_-_Copy_(15)_-_Copy.bmp,1,White
vallot_0004_-_Copy_-_Copy_(15)_-_Copy.bmp,2,Black
vallot_0004_-_Copy_-_Copy_(15)_-_Copy.bmp,3,Black
vallot_0004_-_Copy_-_Copy_(15)_-_Copy.bmp,4,Black
vallot_0004_-_Copy_-_Copy_(15)_-_Copy.bmp,5,Black
vallot_0004_-_Copy_-_Copy_(15)_-_Copy.bmp,6,White
vallot_0004_-_Copy_-_Copy.bmp,1,White
vallot_0004_-_Copy_-_Copy.bmp,2,Black
vallot_0004_-_Copy_-_Copy.bmp,3,Black
vallot_0004_-_Copy_-_Copy.bmp,4,Black
vallot_0004_-_Copy_-_Copy.bmp,5,Black
vallot_0004_-_Copy_-_Copy.bmp,6,White
vallot_0004_-_Copy_(2)_-_Copy_-_Copy.bmp,1,White
vallot_0004_-_Copy_(2)_-_Copy_-_Copy.bmp,2,Black
vallot_0004_-_Copy_(2)_-_Copy_-_Copy.bmp,3,Black
vallot_0004_-_Copy_(2)_-_Copy_-_Copy.bmp,4,Black
vallot_0004_-_Copy_(2)_-_Copy_-_Copy.bmp,5,Black
vallot_0004_-_Copy_(2)_-_Copy_-_Copy.bmp,6,White
vallot_0004_-_Copy_(2)_-_Copy.bmp,1,White
vallot_0004_-_Copy_(2)_-_Copy.bmp,2,Black
vallot_0004_-_Copy_(2)_-_Copy.bmp,3,Black
vallot_0004_-_Copy_(2)_-_Copy.bmp,4,Black
vallot_0004_-_Copy_(2)_-_Copy.bmp,5,Black
vallot_0004_-_Copy_(2)_-_Copy.bmp,6,White
vallot_0004_-_Copy_(2).bmp,1,White
vallot_0004_-_Copy_(2).bmp,2,Black
vallot_0004_-_Copy_(2).bmp,3,Black
vallot_0004_-_Copy_(2).bmp,4,Black
vallot_0004_-_Copy_(2).bmp,5,Black
vallot_0004_-_Copy_(2).bmp,6,White
vallot_0004_-_Copy_(3)_-_Copy_-_Copy.bmp,1,White
vallot_0004_-_Copy_(3)_-_Copy_-_Copy.bmp,2,Black
vallot_0004_-_Copy_(3)_-_Copy_-_Copy.bmp,3,Black
vallot_0004_-_Copy_(3)_-_Copy_-_Copy.bmp,4,Black
vallot_0004_-_Copy_(3)_-_Copy_-_Copy.bmp,5,Black
vallot_0004_-_Copy_(3)_-_Copy_-_Copy.bmp,6,White
vallot_0004_-_Copy_(3)_-_Copy.bmp,1,White
vallot_0004_-_Copy_(3)_-_Copy.bmp,2,Black
vallot_0004_-_Copy_(3)_-_Copy.bmp,3,Black
vallot_0004_-_Copy_(3)_-_Copy.bmp,4,Black
vallot_0004_-_Copy_(3)_-_Copy.bmp,5,Black
vallot_0004_-_Copy_(3)_-_Copy.bmp,6,White
vallot_0004_-_Copy_(3).bmp,1,White
vallot_0004_-_Copy_(3).bmp,2,Black
vallot_0004_-_Copy_(3).bmp,3,Black
vallot_0004_-_Copy_(3).bmp,4,Black
vallot_0004_-_Copy_(3).bmp,5,Black
vallot_0004_-_Copy_(3).bmp,6,White
vallot_0004_-_Copy_(4)_-_Copy_-_Copy.bmp,1,White
vallot_0004_-_Copy_(4)_-_Copy_-_Copy.bmp,2,Black
vallot_0004_-_Copy_(4)_-_Copy_-_Copy.bmp,3,Black
vallot_0004_-_Copy_(4)_-_Copy_-_Copy.bmp,4,Black
vallot_0004_-_Copy_(4)_-_Copy_-_Copy.bmp,5,Black
vallot_0004_-_Copy_(4)_-_Copy_-_Copy.bmp,6,White
vallot_0004_-_Copy_(4)_-_Copy.bmp,1,White
vallot_0004_-_Copy_(4)_-_Copy.bmp,2,Black
vallot_0004_-_Copy_(4)_-_Copy.bmp,3,Black
vallot_0004_-_Copy_(4)_-_Copy.bmp,4,Black
vallot_0004_-_Copy_(4)_-_Copy.bmp,5,Black
vallot_0004_-_Copy_(4)_-_Copy.bmp,6,White
vallot_0004_-_Copy_(4).bmp,1,White
vallot_0004_-_Copy_(4).bmp,2,Black
vallot_0004_-_Copy_(4).bmp,3,Black
vallot_0004_-_Copy_(4).bmp,4,Black
vallot_0004_-_Copy_(4).bmp,5,Black
vallot_0004_-_Copy_(4).bmp,6,White
vallot_0004_-_Copy_(5)_-_Copy_-_Copy.bmp,1,White
vallot_0004_-_Copy_(5)_-_Copy_-_Copy.bmp,2,Black
vallot_0004_-_Copy_(5)_-_Copy_-_Copy.bmp,3,Black
vallot_0004_-_Copy_(5)_-_Copy_-_Copy.bmp,4,Black
vallot_0004_-_Copy_(5)_-_Copy_-_Copy.bmp,5,Black
vallot_0004_-_Copy_(5)_-_Copy_-_Copy.bmp,6,White
vallot_0004_-_Copy_(5)_-_Copy.bmp,1,White
vallot_0004_-_Copy_(5)_-_Copy.bmp,2,Black
vallot_0004_-_Copy_(5)_-_Copy.bmp,3,Black
vallot_0004_-_Copy_(5)_-_Copy.bmp,4,Black
vallot_0004_-_Copy_(5)_-_Copy.bmp,5,Black
vallot_0004_-_Copy_(5)_-_Copy.bmp,6,White
vallot_0004_-_Copy_(5).bmp,1,White
vallot_0004_-_Copy_(5).bmp,2,Black
vallot_0004_-_Copy_(5).bmp,3,Black
vallot_0004_-_Copy_(5).bmp,4,Black
vallot_0004_-_Copy_(5).bmp,5,Black
vallot_0004_-_Copy_(5).bmp,6,White
vallot_0004_-_Copy_(6)_-_Copy_-_Copy.bmp,1,White
vallot_0004_-_Copy_(6)_-_Copy_-_Copy.bmp,2,Black
vallot_0004_-_Copy_(6)_-_Copy_-_Copy.bmp,3,Black
vallot_0004_-_Copy_(6)_-_Copy_-_Copy.bmp,4,Black
vallot_0004_-_Copy_(6)_-_Copy_-_Copy.bmp,5,Black
vallot_0004_-_Copy_(6)_-_Copy_-_Copy.bmp,6,White
vallot_0004_-_Copy_(6)_-_Copy.bmp,1,White
vallot_0004_-_Copy_(6)_-_Copy.bmp,2,Black
vallot_0004_-_Copy_(6)_-_Copy.bmp,3,Black
vallot_0004_-_Copy_(6)_-_Copy.bmp,4,Black
vallot_0004_-_Copy_(6)_-_Copy.bmp,5,Black
vallot_0004_-_Copy_(6)_-_Copy.bmp,6,White
vallot_0004_-_Copy_(6).bmp,1,White
vallot_0004_-_Copy_(6).bmp,2,Black
vallot_0004_-_Copy_(6).bmp,3,Black
vallot_0004_-_Copy_(6).bmp,4,Black
vallot_0004_-_Copy_(6).bmp,5,Black
vallot_0004_-_Copy_(6).bmp,6,White
vallot_0004_-_Copy_(7)_-_Copy_-_Copy.bmp,1,White
vallot_0004_-_Copy_(7)_-_Copy_-_Copy.bmp,2,Black
vallot_0004_-_Copy_(7)_-_Copy_-_Copy.bmp,3,Black
vallot_0004_-_Copy_(7)_-_Copy_-_Copy.bmp,4,Black
vallot_0004_-_Copy_(7)_-_Copy_-_Copy.bmp,5,Black
vallot_0004_-_Copy_(7)_-_Copy_-_Copy.bmp,6,White
vallot_0004_-_Copy_(7)_-_Copy.bmp,1,White
vallot_0004_-_Copy_(7)_-_Copy.bmp,2,Black
vallot_0004_-_Copy_(7)_-_Copy.bmp,3,Black
vallot_0004_-_Copy_(7)_-_Copy.bmp,4,Black
vallot_0004_-_Copy_(7)_-_Copy.bmp,5,Black
vallot_0004_-_Copy_(7)_-_Copy.bmp,6,White
vallot_0004_-_Copy_(7).bmp,1,White
vallot_0004_-_Copy_(7).bmp,2,Black
vallot_0004_-_Copy_(7).bmp,3,Black
vallot_0004_-_Copy_(7).bmp,4,Black
vallot_0004_-_Copy_(7).bmp,5,Black
vallot_0004_-_Copy_(7).bmp,6,White
vallot_0004_-_Copy_(8)_-_Copy_-_Copy.bmp,1,White
vallot_0004_-_Copy_(8)_-_Copy_-_Copy.bmp,2,Black
vallot_0004_-_Copy_(8)_-_Copy_-_Copy.bmp,3,Black
vallot_0004_-_Copy_(8)_-_Copy_-_Copy.bmp,4,Black
vallot_0004_-_Copy_(8)_-_Copy_-_Copy.bmp,5,Black
vallot_0004_-_Copy_(8)_-_Copy_-_Copy.bmp,6,White
vallot_0004_-_Copy_(8)_-_Copy.bmp,1,White
vallot_0004_-_Copy_(8)_-_Copy.bmp,2,Black
vallot_0004_-_Copy_(8)_-_Copy.bmp,3,Black
vallot_0004_-_Copy_(8)_-_Copy.bmp,4,Black
vallot_0004_-_Copy_(8)_-_Copy.bmp,5,Black
vallot_0004_-_Copy_(8)_-_Copy.bmp,6,White
vallot_0004_-_Copy_(8).bmp,1,White
vallot_0004_-_Copy_(8).bmp,2,Black
vallot_0004_-_Copy_(8).bmp,3,Black
vallot_0004_-_Copy_(8).bmp,4,Black
vallot_0004_-_Copy_(8).bmp,5,Black
vallot_0004_-_Copy_(8).bmp,6,White
vallot_0004_-_Copy_(9)_-_Copy_-_Copy.bmp,1,White
vallot_0004_-_Copy_(9)_-_Copy_-_Copy.bmp,2,Black
vallot_0004_-_Copy_(9)_-_Copy_-_Copy.bmp,3,Black
vallot_0004_-_Copy_(9)_-_Copy_-_Copy.bmp,4,Black
vallot_0004_-_Copy_(9)_-_Copy_-_Copy.bmp,5,Black
vallot_0004_-_Copy_(9)_-_Copy_-_Copy.bmp,6,White
vallot_0004_-_Copy_(9)_-_Copy.bmp,1,White
vallot_0004_-_Copy_(9)_-_Copy.bmp,2,Black
vallot_0004_-_Copy_(9)_-_Copy.bmp,3,Black
vallot_0004_-_Copy_(9)_-_Copy.bmp,4,Black
vallot_0004_-_Copy_(9)_-_Copy.bmp,5,Black
vallot_0004_-_Copy_(9)_-_Copy.bmp,6,White
vallot_0004_-_Copy_(9).bmp,1,White
vallot_0004_-_Copy_(9).bmp,2,Black
vallot_0004_-_Copy_(9).bmp,3,Black
vallot_0004_-_Copy_(9).bmp,4,Black
vallot_0004_-_Copy_(9).bmp,5,Black
vallot_0004_-_Copy_(9).bmp,6,White
vallot_0004_-_Copy_(10)_-_Copy_-_Copy.bmp,1,White
vallot_0004_-_Copy_(10)_-_Copy_-_Copy.bmp,2,Black
vallot_0004_-_Copy_(10)_-_Copy_-_Copy.bmp,3,Black
vallot_0004_-_Copy_(10)_-_Copy_-_Copy.bmp,4,Black
vallot_0004_-_Copy_(10)_-_Copy_-_Copy.bmp,5,Black
vallot_0004_-_Copy_(10)_-_Copy_-_Copy.bmp,6,White
vallot_0004_-_Copy_(10)_-_Copy.bmp,1,White
vallot_0004_-_Copy_(10)_-_Copy.bmp,2,Black
vallot_0004_-_Copy_(10)_-_Copy.bmp,3,Black
vallot_0004_-_Copy_(10)_-_Copy.bmp,4,Black
vallot_0004_-_Copy_(10)_-_Copy.bmp,5,Black
vallot_0004_-_Copy_(10)_-_Copy.bmp,6,White
vallot_0004_-_Copy_(10).bmp,1,White
vallot_0004_-_Copy_(10).bmp,2,Black
vallot_0004_-_Copy_(10).bmp,3,Black
vallot_0004_-_Copy_(10).bmp,4,Black
vallot_0004_-_Copy_(10).bmp,5,Black
vallot_0004_-_Copy_(10).bmp,6,White
vallot_0004_-_Copy_(11)_-_Copy_-_Copy.bmp,1,White
vallot_0004_-_Copy_(11)_-_Copy_-_Copy.bmp,2,Black
vallot_0004_-_Copy_(11)_-_Copy_-_Copy.bmp,3,Black
vallot_0004_-_Copy_(11)_-_Copy_-_Copy.bmp,4,Black
vallot_0004_-_Copy_(11)_-_Copy_-_Copy.bmp,5,Black
vallot_0004_-_Copy_(11)_-_Copy_-_Copy.bmp,6,White
vallot_0004_-_Copy_(11)_-_Copy.bmp,1,White
vallot_0004_-_Copy_(11)_-_Copy.bmp,2,Black
vallot_0004_-_Copy_(11)_-_Copy.bmp,3,Black
vallot_0004_-_Copy_(11)_-_Copy.bmp,4,Black
vallot_0004_-_Copy_(11)_-_Copy.bmp,5,Black
vallot_0004_-_Copy_(11)_-_Copy.bmp,6,White
vallot_0004_-_Copy_(11).bmp,1,White
vallot_0004_-_Copy_(11).bmp,2,Black
vallot_0004_-_Copy_(11).bmp,3,Black
vallot_0004_-_Copy_(11).bmp,4,Black
vallot_0004_-_Copy_(11).bmp,5,Black
vallot_0004_-_Copy_(11).bmp,6,White
vallot_0004_-_Copy_(12)_-_Copy_-_Copy.bmp,1,White
vallot_0004_-_Copy_(12)_-_Copy_-_Copy.bmp,2,Black
vallot_0004_-_Copy_(12)_-_Copy_-_Copy.bmp,3,Black
vallot_0004_-_Copy_(12)_-_Copy_-_Copy.bmp,4,Black
vallot_0004_-_Copy_(12)_-_Copy_-_Copy.bmp,5,Black
vallot_0004_-_Copy_(12)_-_Copy_-_Copy.bmp,6,White
vallot_0004_-_Copy_(12)_-_Copy.bmp,1,White
vallot_0004_-_Copy_(12)_-_Copy.bmp,2,Black
vallot_0004_-_Copy_(12)_-_Copy.bmp,3,Black
vallot_0004_-_Copy_(12)_-_Copy.bmp,4,Black
vallot_0004_-_Copy_(12)_-_Copy.bmp,5,Black
vallot_0004_-_Copy_(12)_-_Copy.bmp,6,White
vallot_0004_-_Copy_(12).bmp,1,White
vallot_0004_-_Copy_(12).bmp,2,Black
vallot_0004_-_Copy_(12).bmp,3,Black
vallot_0004_-_Copy_(12).bmp,4,Black
vallot_0004_-_Copy_(12).bmp,5,Black
vallot_0004_-_Copy_(12).bmp,6,White
vallot_0004_-_Copy_(13)_-_Copy_-_Copy.bmp,1,White
vallot_0004_-_Copy_(13)_-_Copy_-_Copy.bmp,2,Black
vallot_0004_-_Copy_(13)_-_Copy_-_Copy.bmp,3,Black
vallot_0004_-_Copy_(13)_-_Copy_-_Copy.bmp,4,Black
vallot_0004_-_Copy_(13)_-_Copy_-_Copy.bmp,5,Black
vallot_0004_-_Copy_(13)_-_Copy_-_Copy.bmp,6,White
vallot_0004_-_Copy_(13)_-_Copy.bmp,1,White
vallot_0004_-_Copy_(13)_-_Copy.bmp,2,Black
vallot_0004_-_Copy_(13)_-_Copy.bmp,3,Black
vallot_0004_-_Copy_(13)_-_Copy.bmp,4,Black
vallot_0004_-_Copy_(13)_-_Copy.bmp,5,Black
vallot_0004_-_Copy_(13)_-_Copy.bmp,6,White
vallot_0004_-_Copy_(13).bmp,1,White
vallot_0004_-_Copy_(13).bmp,2,Black
vallot_0004_-_Copy_(13).bmp,3,Black
vallot_0004_-_Copy_(13).bmp,4,Black
vallot_0004_-_Copy_(13).bmp,5,Black
vallot_0004_-_Copy_(13).bmp,6,White
vallot_0004_-_Copy_(14)_-_Copy_-_Copy.bmp,1,White
vallot_0004_-_Copy_(14)_-_Copy_-_Copy.bmp,2,Black
vallot_0004_-_Copy_(14)_-_Copy_-_Copy.bmp,3,Black
vallot_0004_-_Copy_(14)_-_Copy_-_Copy.bmp,4,Black
vallot_0004_-_Copy_(14)_-_Copy_-_Copy.bmp,5,Black
vallot_0004_-_Copy_(14)_-_Copy_-_Copy.bmp,6,White
vallot_0004_-_Copy_(14)_-_Copy.bmp,1,White
vallot_0004_-_Copy_(14)_-_Copy.bmp,2,Black
vallot_0004_-_Copy_(14)_-_Copy.bmp,3,Black
vallot_0004_-_Copy_(14)_-_Copy.bmp,4,Black
vallot_0004_-_Copy_(14)_-_Copy.bmp,5,Black
vallot_0004_-_Copy_(14)_-_Copy.bmp,6,White
vallot_0004_-_Copy_(14).bmp,1,White
vallot_0004_-_Copy_(14).bmp,2,Black
vallot_0004_-_Copy_(14).bmp,3,Black
vallot_0004_-_Copy_(14).bmp,4,Black
vallot_0004_-_Copy_(14).bmp,5,Black
vallot_0004_-_Copy_(14).bmp,6,White
vallot_0004_-_Copy_(15)_-_Copy_-_Copy.bmp,1,White
vallot_0004_-_Copy_(15)_-_Copy_-_Copy.bmp,2,Black
vallot_0004_-_Copy_(15)_-_Copy_-_Copy.bmp,3,Black
vallot_0004_-_Copy_(15)_-_Copy_-_Copy.bmp,4,Black
vallot_0004_-_Copy_(15)_-_Copy_-_Copy.bmp,5,Black
vallot_0004_-_Copy_(15)_-_Copy_-_Copy.bmp,6,White
vallot_0004_-_Copy_(15)_-_Copy.bmp,1,White
vallot_0004_-_Copy_(15)_-_Copy.bmp,2,Black
vallot_0004_-_Copy_(15)_-_Copy.bmp,3,Black
vallot_0004_-_Copy_(15)_-_Copy.bmp,4,Black
vallot_0004_-_Copy_(15)_-_Copy.bmp,5,Black
vallot_0004_-_Copy_(15)_-_Copy.bmp,6,White
vallot_0004_-_Copy_(15).bmp,1,White
vallot_0004_-_Copy_(15).bmp,2,Black
vallot_0004_-_Copy_(15).bmp,3,Black
vallot_0004_-_Copy_(15).bmp,4,Black
vallot_0004_-_Copy_(15).bmp,5,Black
vallot_0004_-_Copy_(15).bmp,6,White
vallot_0004_-_Copy_(16)_-_Copy_-_Copy.bmp,1,White
vallot_0004_-_Copy_(16)_-_Copy_-_Copy.bmp,2,Black
vallot_0004_-_Copy_(16)_-_Copy_-_Copy.bmp,3,Black
vallot_0004_-_Copy_(16)_-_Copy_-_Copy.bmp,4,Black
vallot_0004_-_Copy_(16)_-_Copy_-_Copy.bmp,5,Black
vallot_0004_-_Copy_(16)_-_Copy_-_Copy.bmp,6,White
vallot_0004_-_Copy_(16)_-_Copy.bmp,1,White
vallot_0004_-_Copy_(16)_-_Copy.bmp,2,Black
vallot_0004_-_Copy_(16)_-_Copy.bmp,3,Black
vallot_0004_-_Copy_(16)_-_Copy.bmp,4,Black
vallot_0004_-_Copy_(16)_-_Copy.bmp,5,Black
vallot_0004_-_Copy_(16)_-_Copy.bmp,6,White
vallot_0004_-_Copy_(16).bmp,1,White
vallot_0004_-_Copy_(16).bmp,2,Black
vallot_0004_-_Copy_(16).bmp,3,Black
vallot_0004_-_Copy_(16).bmp,4,Black
vallot_0004_-_Copy_(16).bmp,5,Black
vallot_0004_-_Copy_(16).bmp,6,White
vallot_0004_-_Copy_(17)_-_Copy_-_Copy.bmp,1,White
vallot_0004_-_Copy_(17)_-_Copy_-_Copy.bmp,2,Black
vallot_0004_-_Copy_(17)_-_Copy_-_Copy.bmp,3,Black
vallot_0004_-_Copy_(17)_-_Copy_-_Copy.bmp,4,Black
vallot_0004_-_Copy_(17)_-_Copy_-_Copy.bmp,5,Black
vallot_0004_-_Copy_(17)_-_Copy_-_Copy.bmp,6,White
vallot_0004_-_Copy_(17)_-_Copy.bmp,1,White
vallot_0004_-_Copy_(17)_-_Copy.bmp,2,Black
vallot_0004_-_Copy_(17)_-_Copy.bmp,3,Black
vallot_0004_-_Copy_(17)_-_Copy.bmp,4,Black
vallot_0004_-_Copy_(17)_-_Copy.bmp,5,Black
vallot_0004_-_Copy_(17)_-_Copy.bmp,6,White
vallot_0004_-_Copy_(17).bmp,1,White
vallot_0004_-_Copy_(17).bmp,2,Black
vallot_0004_-_Copy_(17).bmp,3,Black
vallot_0004_-_Copy_(17).bmp,4,Black
vallot_0004_-_Copy_(17).bmp,5,Black
vallot_0004_-_Copy_(17).bmp,6,White
vallot_0004_-_Copy_(18)_-_Copy_-_Copy.bmp,1,White
vallot_0004_-_Copy_(18)_-_Copy_-_Copy.bmp,2,Black
vallot_0004_-_Copy_(18)_-_Copy_-_Copy.bmp,3,Black
vallot_0004_-_Copy_(18)_-_Copy_-_Copy.bmp,4,Black
vallot_0004_-_Copy_(18)_-_Copy_-_Copy.bmp,5,Black
vallot_0004_-_Copy_(18)_-_Copy_-_Copy.bmp,6,White
vallot_0004_-_Copy_(18)_-_Copy.bmp,1,White
vallot_0004_-_Copy_(18)_-_Copy.bmp,2,Black
vallot_0004_-_Copy_(18)_-_Copy.bmp,3,Black
vallot_0004_-_Copy_(18)_-_Copy.bmp,4,Black
vallot_0004_-_Copy_(18)_-_Copy.bmp,5,Black
vallot_0004_-_Copy_(18)_-_Copy.bmp,6,White
vallot_0004_-_Copy_(18).bmp,1,White
vallot_0004_-_Copy_(18).bmp,2,Black
vallot_0004_-_Copy_(18).bmp,3,Black
vallot_0004_-_Copy_(18).bmp,4,Black
vallot_0004_-_Copy_(18).bmp,5,Black
vallot_0004_-_Copy_(18).bmp,6,White
vallot_0004_-_Copy_(19)_-_Copy_-_Copy.bmp,1,White
vallot_0004_-_Copy_(19)_-_Copy_-_Copy.bmp,2,Black
vallot_0004_-_Copy_(19)_-_Copy_-_Copy.bmp,3,Black
vallot_0004_-_Copy_(19)_-_Copy_-_Copy.bmp,4,Black
vallot_0004_-_Copy_(19)_-_Copy_-_Copy.bmp,5,Black
vallot_0004_-_Copy_(19)_-_Copy_-_Copy.bmp,6,White
vallot_0004_-_Copy_(19)_-_Copy.bmp,1,White
vallot_0004_-_Copy_(19)_-_Copy.bmp,2,Black
vallot_0004_-_Copy_(19)_-_Copy.bmp,3,Black
vallot_0004_-_Copy_(19)_-_Copy.bmp,4,Black
vallot_0004_-_Copy_(19)_-_Copy.bmp,5,Black
vallot_0004_-_Copy_(19)_-_Copy.bmp,6,White
vallot_0004_-_Copy_(19).bmp,1,White
vallot_0004_-_Copy_(19).bmp,2,Black
vallot_0004_-_Copy_(19).bmp,3,Black
vallot_0004_-_Copy_(19).bmp,4,Black
vallot_0004_-_Copy_(19).bmp,5,Black
vallot_0004_-_Copy_(19).bmp,6,White
vallot_0004_-_Copy_(20)_-_Copy_-_Copy.bmp,1,White
vallot_0004_-_Copy_(20)_-_Copy_-_Copy.bmp,2,Black
vallot_0004_-_Copy_(20)_-_Copy_-_Copy.bmp,3,Black
vallot_0004_-_Copy_(20)_-_Copy_-_Copy.bmp,4,Black
vallot_0004_-_Copy_(20)_-_Copy_-_Copy.bmp,5,Black
vallot_0004_-_Copy_(20)_-_Copy_-_Copy.bmp,6,White
vallot_0004_-_Copy_(20)_-_Copy.bmp,1,White
vallot_0004_-_Copy_(20)_-_Copy.bmp,2,Black
vallot_0004_-_Copy_(20)_-_Copy.bmp,3,Black
vallot_0004_-_Copy_(20)_-_Copy.bmp,4,Black
vallot_0004_-_Copy_(20)_-_Copy.bmp,5,Black
vallot_0004_-_Copy_(20)_-_Copy.bmp,6,White
vallot_0004_-_Copy_(20).bmp,1,White
vallot_0004_-_Copy_(20).bmp,2,Black
vallot_0004_-_Copy_(20).bmp,3,Black
vallot_0004_-_Copy_(20).bmp,4,Black
vallot_0004_-_Copy_(20).bmp,5,Black
vallot_0004_-_Copy_(20).bmp,6,White
vallot_0004_-_Copy_(21)_-_Copy_-_Copy.bmp,1,White
vallot_0004_-_Copy_(21)_-_Copy_-_Copy.bmp,2,Black
vallot_0004_-_Copy_(21)_-_Copy_-_Copy.bmp,3,Black
vallot_0004_-_Copy_(21)_-_Copy_-_Copy.bmp,4,Black
vallot_0004_-_Copy_(21)_-_Copy_-_Copy.bmp,5,Black
vallot_0004_-_Copy_(21)_-_Copy_-_Copy.bmp,6,White
vallot_0004_-_Copy_(21)_-_Copy.bmp,1,White
vallot_0004_-_Copy_(21)_-_Copy.bmp,2,Black
vallot_0004_-_Copy_(21)_-_Copy.bmp,3,Black
vallot_0004_-_Copy_(21)_-_Copy.bmp,4,Black
vallot_0004_-_Copy_(21)_-_Copy.bmp,5,Black
vallot_0004_-_Copy_(21)_-_Copy.bmp,6,White
vallot_0004_-_Copy_(21).bmp,1,White
vallot_0004_-_Copy_(21).bmp,2,Black
vallot_0004_-_Copy_(21).bmp,3,Black
vallot_0004_-_Copy_(21).bmp,4,Black
vallot_0004_-_Copy_(21).bmp,5,Black
vallot_0004_-_Copy_(21).bmp,6,White
vallot_0004_-_Copy_(22)_-_Copy_-_Copy.bmp,1,White
vallot_0004_-_Copy_(22)_-_Copy_-_Copy.bmp,2,Black
vallot_0004_-_Copy_(22)_-_Copy_-_Copy.bmp,3,Black
vallot_0004_-_Copy_(22)_-_Copy_-_Copy.bmp,4,Black
vallot_0004_-_Copy_(22)_-_Copy_-_Copy.bmp,5,Black
vallot_0004_-_Copy_(22)_-_Copy_-_Copy.bmp,6,White
vallot_0004_-_Copy_(22)_-_Copy.bmp,1,White
vallot_0004_-_Copy_(22)_-_Copy.bmp,2,Black
vallot_0004_-_Copy_(22)_-_Copy.bmp,3,Black
vallot_0004_-_Copy_(22)_-_Copy.bmp,4,Black
vallot_0004_-_Copy_(22)_-_Copy.bmp,5,Black
vallot_0004_-_Copy_(22)_-_Copy.bmp,6,White
vallot_0004_-_Copy_(23)_-_Copy_-_Copy.bmp,1,White
vallot_0004_-_Copy_(23)_-_Copy_-_Copy.bmp,2,Black
vallot_0004_-_Copy_(23)_-_Copy_-_Copy.bmp,3,Black
vallot_0004_-_Copy_(23)_-_Copy_-_Copy.bmp,4,Black
vallot_0004_-_Copy_(23)_-_Copy_-_Copy.bmp,5,Black
vallot_0004_-_Copy_(23)_-_Copy_-_Copy.bmp,6,White
vallot_0004_-_Copy_(23)_-_Copy.bmp,1,White
vallot_0004_-_Copy_(23)_-_Copy.bmp,2,Black
vallot_0004_-_Copy_(23)_-_Copy.bmp,3,Black
vallot_0004_-_Copy_(23)_-_Copy.bmp,4,Black
vallot_0004_-_Copy_(23)_-_Copy.bmp,5,Black
vallot_0004_-_Copy_(23)_-_Copy.bmp,6,White
vallot_0004_-_Copy_(24)_-_Copy_-_Copy.bmp,1,White
vallot_0004_-_Copy_(24)_-_Copy_-_Copy.bmp,2,Black
vallot_0004_-_Copy_(24)_-_Copy_-_Copy.bmp,3,Black
vallot_0004_-_Copy_(24)_-_Copy_-_Copy.bmp,4,Black
vallot_0004_-_Copy_(24)_-_Copy_-_Copy.bmp,5,Black
vallot_0004_-_Copy_(24)_-_Copy_-_Copy.bmp,6,White
vallot_0004_-_Copy_(24)_-_Copy.bmp,1,White
vallot_0004_-_Copy_(24)_-_Copy.bmp,2,Black
vallot_0004_-_Copy_(24)_-_Copy.bmp,3,Black
vallot_0004_-_Copy_(24)_-_Copy.bmp,4,Black
vallot_0004_-_Copy_(24)_-_Copy.bmp,5,Black
vallot_0004_-_Copy_(24)_-_Copy.bmp,6,White
vallot_0004_-_Copy_(25)_-_Copy_-_Copy.bmp,1,White
vallot_0004_-_Copy_(25)_-_Copy_-_Copy.bmp,2,Black
vallot_0004_-_Copy_(25)_-_Copy_-_Copy.bmp,3,Black
vallot_0004_-_Copy_(25)_-_Copy_-_Copy.bmp,4,Black
vallot_0004_-_Copy_(25)_-_Copy_-_Copy.bmp,5,Black
vallot_0004_-_Copy_(25)_-_Copy_-_Copy.bmp,6,White
vallot_0004_-_Copy_(25)_-_Copy.bmp,1,White
vallot_0004_-_Copy_(25)_-_Copy.bmp,2,Black
vallot_0004_-_Copy_(25)_-_Copy.bmp,3,Black
vallot_0004_-_Copy_(25)_-_Copy.bmp,4,Black
vallot_0004_-_Copy_(25)_-_Copy.bmp,5,Black
vallot_0004_-_Copy_(25)_-_Copy.bmp,6,White
vallot_0004_-_Copy_(26)_-_Copy_-_Copy.bmp,1,White
vallot_0004_-_Copy_(26)_-_Copy_-_Copy.bmp,2,Black
vallot_0004_-_Copy_(26)_-_Copy_-_Copy.bmp,3,Black
vallot_0004_-_Copy_(26)_-_Copy_-_Copy.bmp,4,Black
vallot_0004_-_Copy_(26)_-_Copy_-_Copy.bmp,5,Black
vallot_0004_-_Copy_(26)_-_Copy_-_Copy.bmp,6,White
vallot_0004_-_Copy_(26)_-_Copy.bmp,1,White
vallot_0004_-_Copy_(26)_-_Copy.bmp,2,Black
vallot_0004_-_Copy_(26)_-_Copy.bmp,3,Black
vallot_0004_-_Copy_(26)_-_Copy.bmp,4,Black
vallot_0004_-_Copy_(26)_-_Copy.bmp,5,Black
vallot_0004_-_Copy_(26)_-_Copy.bmp,6,White
vallot_0004_-_Copy_(27)_-_Copy_-_Copy.bmp,1,White
vallot_0004_-_Copy_(27)_-_Copy_-_Copy.bmp,2,Black
vallot_0004_-_Copy_(27)_-_Copy_-_Copy.bmp,3,Black
vallot_0004_-_Copy_(27)_-_Copy_-_Copy.bmp,4,Black
vallot_0004_-_Copy_(27)_-_Copy_-_Copy.bmp,5,Black
vallot_0004_-_Copy_(27)_-_Copy_-_Copy.bmp,6,White
vallot_0004_-_Copy_(27)_-_Copy.bmp,1,White
vallot_0004_-_Copy_(27)_-_Copy.bmp,2,Black
vallot_0004_-_Copy_(27)_-_Copy.bmp,3,Black
vallot_0004_-_Copy_(27)_-_Copy.bmp,4,Black
vallot_0004_-_Copy_(27)_-_Copy.bmp,5,Black
vallot_0004_-_Copy_(27)_-_Copy.bmp,6,White
vallot_0004_-_Copy_(28)_-_Copy_-_Copy.bmp,1,White
vallot_0004_-_Copy_(28)_-_Copy_-_Copy.bmp,2,Black
vallot_0004_-_Copy_(28)_-_Copy_-_Copy.bmp,3,Black
vallot_0004_-_Copy_(28)_-_Copy_-_Copy.bmp,4,Black
vallot_0004_-_Copy_(28)_-_Copy_-_Copy.bmp,5,Black
vallot_0004_-_Copy_(28)_-_Copy_-_Copy.bmp,6,White
vallot_0004_-_Copy_(28)_-_Copy.bmp,1,White
vallot_0004_-_Copy_(28)_-_Copy.bmp,2,Black
vallot_0004_-_Copy_(28)_-_Copy.bmp,3,Black
vallot_0004_-_Copy_(28)_-_Copy.bmp,4,Black
vallot_0004_-_Copy_(28)_-_Copy.bmp,5,Black
vallot_0004_-_Copy_(28)_-_Copy.bmp,6,White
vallot_0004_-_Copy_(29)_-_Copy_-_Copy.bmp,1,White
vallot_0004_-_Copy_(29)_-_Copy_-_Copy.bmp,2,Black
vallot_0004_-_Copy_(29)_-_Copy_-_Copy.bmp,3,Black
vallot_0004_-_Copy_(29)_-_Copy_-_Copy.bmp,4,Black
vallot_0004_-_Copy_(29)_-_Copy_-_Copy.bmp,5,Black
vallot_0004_-_Copy_(29)_-_Copy_-_Copy.bmp,6,White
vallot_0004_-_Copy_(29)_-_Copy.bmp,1,White
vallot_0004_-_Copy_(29)_-_Copy.bmp,2,Black
vallot_0004_-_Copy_(29)_-_Copy.bmp,3,Black
vallot_0004_-_Copy_(29)_-_Copy.bmp,4,Black
vallot_0004_-_Copy_(29)_-_Copy.bmp,5,Black
vallot_0004_-_Copy_(29)_-_Copy.bmp,6,White
vallot_0004_-_Copy_(30)_-_Copy_-_Copy.bmp,1,White
vallot_0004_-_Copy_(30)_-_Copy_-_Copy.bmp,2,Black
vallot_0004_-_Copy_(30)_-_Copy_-_Copy.bmp,3,Black
vallot_0004_-_Copy_(30)_-_Copy_-_Copy.bmp,4,Black
vallot_0004_-_Copy_(30)_-_Copy_-_Copy.bmp,5,Black
vallot_0004_-_Copy_(30)_-_Copy_-_Copy.bmp,6,White
vallot_0004_-_Copy_(30)_-_Copy.bmp,1,White
vallot_0004_-_Copy_(30)_-_Copy.bmp,2,Black
vallot_0004_-_Copy_(30)_-_Copy.bmp,3,Black
vallot_0004_-_Copy_(30)_-_Copy.bmp,4,Black
vallot_0004_-_Copy_(30)_-_Copy.bmp,5,Black
vallot_0004_-_Copy_(30)_-_Copy.bmp,6,White
vallot_0004_-_Copy_(31)_-_Copy_-_Copy.bmp,1,White
vallot_0004_-_Copy_(31)_-_Copy_-_Copy.bmp,2,Black
vallot_0004_-_Copy_(31)_-_Copy_-_Copy.bmp,3,Black
vallot_0004_-_Copy_(31)_-_Copy_-_Copy.bmp,4,Black
vallot_0004_-_Copy_(31)_-_Copy_-_Copy.bmp,5,Black
vallot_0004_-_Copy_(31)_-_Copy_-_Copy.bmp,6,White
vallot_0004_-_Copy_(31)_-_Copy.bmp,1,White
vallot_0004_-_Copy_(31)_-_Copy.bmp,2,Black
vallot_0004_-_Copy_(31)_-_Copy.bmp,3,Black
vallot_0004_-_Copy_(31)_-_Copy.bmp,4,Black
vallot_0004_-_Copy_(31)_-_Copy.bmp,5,Black
vallot_0004_-_Copy_(31)_-_Copy.bmp,6,White
vallot_0004_-_Copy_(32)_-_Copy_-_Copy.bmp,1,White
vallot_0004_-_Copy_(32)_-_Copy_-_Copy.bmp,2,Black
vallot_0004_-_Copy_(32)_-_Copy_-_Copy.bmp,3,Black
vallot_0004_-_Copy_(32)_-_Copy_-_Copy.bmp,4,Black
vallot_0004_-_Copy_(32)_-_Copy_-_Copy.bmp,5,Black
vallot_0004_-_Copy_(32)_-_Copy_-_Copy.bmp,6,White
vallot_0004_-_Copy_(32)_-_Copy.bmp,1,White
vallot_0004_-_Copy_(32)_-_Copy.bmp,2,Black
vallot_0004_-_Copy_(32)_-_Copy.bmp,3,Black
vallot_0004_-_Copy_(32)_-_Copy.bmp,4,Black
vallot_0004_-_Copy_(32)_-_Copy.bmp,5,Black
vallot_0004_-_Copy_(32)_-_Copy.bmp,6,White
vallot_0004_-_Copy_(33)_-_Copy_-_Copy.bmp,1,White
vallot_0004_-_Copy_(33)_-_Copy_-_Copy.bmp,2,Black
vallot_0004_-_Copy_(33)_-_Copy_-_Copy.bmp,3,Black
vallot_0004_-_Copy_(33)_-_Copy_-_Copy.bmp,4,Black
vallot_0004_-_Copy_(33)_-_Copy_-_Copy.bmp,5,Black
vallot_0004_-_Copy_(33)_-_Copy_-_Copy.bmp,6,White
vallot_0004_-_Copy_(33)_-_Copy.bmp,1,White
vallot_0004_-_Copy_(33)_-_Copy.bmp,2,Black
vallot_0004_-_Copy_(33)_-_Copy.bmp,3,Black
vallot_0004_-_Copy_(33)_-_Copy.bmp,4,Black
vallot_0004_-_Copy_(33)_-_Copy.bmp,5,Black
vallot_0004_-_Copy_(33)_-_Copy.bmp,6,White
vallot_0004_-_Copy_(34)_-_Copy_-_Copy.bmp,1,White
vallot_0004_-_Copy_(34)_-_Copy_-_Copy.bmp,2,Black
vallot_0004_-_Copy_(34)_-_Copy_-_Copy.bmp,3,Black
vallot_0004_-_Copy_(34)_-_Copy_-_Copy.bmp,4,Black
vallot_0004_-_Copy_(34)_-_Copy_-_Copy.bmp,5,Black
vallot_0004_-_Copy_(34)_-_Copy_-_Copy.bmp,6,White
vallot_0004_-_Copy_(34)_-_Copy.bmp,1,White
vallot_0004_-_Copy_(34)_-_Copy.bmp,2,Black
vallot_0004_-_Copy_(34)_-_Copy.bmp,3,Black
vallot_0004_-_Copy_(34)_-_Copy.bmp,4,Black
vallot_0004_-_Copy_(34)_-_Copy.bmp,5,Black
vallot_0004_-_Copy_(34)_-_Copy.bmp,6,White
vallot_0004_-_Copy_(35)_-_Copy_-_Copy.bmp,1,White
vallot_0004_-_Copy_(35)_-_Copy_-_Copy.bmp,2,Black
vallot_0004_-_Copy_(35)_-_Copy_-_Copy.bmp,3,Black
vallot_0004_-_Copy_(35)_-_Copy_-_Copy.bmp,4,Black
vallot_0004_-_Copy_(35)_-_Copy_-_Copy.bmp,5,Black
vallot_0004_-_Copy_(35)_-_Copy_-_Copy.bmp,6,White
vallot_0004_-_Copy_(35)_-_Copy.bmp,1,White
vallot_0004_-_Copy_(35)_-_Copy.bmp,2,Black
vallot_0004_-_Copy_(35)_-_Copy.bmp,3,Black
vallot_0004_-_Copy_(35)_-_Copy.bmp,4,Black
vallot_0004_-_Copy_(35)_-_Copy.bmp,5,Black
vallot_0004_-_Copy_(35)_-_Copy.bmp,6,White
vallot_0004_-_Copy_(36)_-_Copy_-_Copy.bmp,1,White
vallot_0004_-_Copy_(36)_-_Copy_-_Copy.bmp,2,Black
vallot_0004_-_Copy_(36)_-_Copy_-_Copy.bmp,3,Black
vallot_0004_-_Copy_(36)_-_Copy_-_Copy.bmp,4,Black
vallot_0004_-_Copy_(36)_-_Copy_-_Copy.bmp,5,Black
vallot_0004_-_Copy_(36)_-_Copy_-_Copy.bmp,6,White
vallot_0004_-_Copy_(36)_-_Copy.bmp,1,White
vallot_0004_-_Copy_(36)_-_Copy.bmp,2,Black
vallot_0004_-_Copy_(36)_-_Copy.bmp,3,Black
vallot_0004_-_Copy_(36)_-_Copy.bmp,4,Black
vallot_0004_-_Copy_(36)_-_Copy.bmp,5,Black
vallot_0004_-_Copy_(36)_-_Copy.bmp,6,White
vallot_0004_-_Copy_(37)_-_Copy_-_Copy.bmp,1,White
vallot_0004_-_Copy_(37)_-_Copy_-_Copy.bmp,2,Black
vallot_0004_-_Copy_(37)_-_Copy_-_Copy.bmp,3,Black
vallot_0004_-_Copy_(37)_-_Copy_-_Copy.bmp,4,Black
vallot_0004_-_Copy_(37)_-_Copy_-_Copy.bmp,5,Black
vallot_0004_-_Copy_(37)_-_Copy_-_Copy.bmp,6,White
vallot_0004_-_Copy_(37)_-_Copy.bmp,1,White
vallot_0004_-_Copy_(37)_-_Copy.bmp,2,Black
vallot_0004_-_Copy_(37)_-_Copy.bmp,3,Black
vallot_0004_-_Copy_(37)_-_Copy.bmp,4,Black
vallot_0004_-_Copy_(37)_-_Copy.bmp,5,Black
vallot_0004_-_Copy_(37)_-_Copy.bmp,6,White
vallot_0004_-_Copy_(38)_-_Copy_-_Copy.bmp,1,White
vallot_0004_-_Copy_(38)_-_Copy_-_Copy.bmp,2,Black
vallot_0004_-_Copy_(38)_-_Copy_-_Copy.bmp,3,Black
vallot_0004_-_Copy_(38)_-_Copy_-_Copy.bmp,4,Black
vallot_0004_-_Copy_(38)_-_Copy_-_Copy.bmp,5,Black
vallot_0004_-_Copy_(38)_-_Copy_-_Copy.bmp,6,White
vallot_0004_-_Copy_(38)_-_Copy.bmp,1,White
vallot_0004_-_Copy_(38)_-_Copy.bmp,2,Black
vallot_0004_-_Copy_(38)_-_Copy.bmp,3,Black
vallot_0004_-_Copy_(38)_-_Copy.bmp,4,Black
vallot_0004_-_Copy_(38)_-_Copy.bmp,5,Black
vallot_0004_-_Copy_(38)_-_Copy.bmp,6,White
vallot_0004_-_Copy_(39)_-_Copy_-_Copy.bmp,1,White
vallot_0004_-_Copy_(39)_-_Copy_-_Copy.bmp,2,Black
vallot_0004_-_Copy_(39)_-_Copy_-_Copy.bmp,3,Black
vallot_0004_-_Copy_(39)_-_Copy_-_Copy.bmp,4,Black
vallot_0004_-_Copy_(39)_-_Copy_-_Copy.bmp,5,Black
vallot_0004_-_Copy_(39)_-_Copy_-_Copy.bmp,6,White
vallot_0004_-_Copy_(39)_-_Copy.bmp,1,White
vallot_0004_-_Copy_(39)_-_Copy.bmp,2,Black
vallot_0004_-_Copy_(39)_-_Copy.bmp,3,Black
vallot_0004_-_Copy_(39)_-_Copy.bmp,4,Black
vallot_0004_-_Copy_(39)_-_Copy.bmp,5,Black
vallot_0004_-_Copy_(39)_-_Copy.bmp,6,White
vallot_0004_-_Copy_(40)_-_Copy_-_Copy.bmp,1,White
vallot_0004_-_Copy_(40)_-_Copy_-_Copy.bmp,2,Black
vallot_0004_-_Copy_(40)_-_Copy_-_Copy.bmp,3,Black
vallot_0004_-_Copy_(40)_-_Copy_-_Copy.bmp,4,Black
vallot_0004_-_Copy_(40)_-_Copy_-_Copy.bmp,5,Black
vallot_0004_-_Copy_(40)_-_Copy_-_Copy.bmp,6,White
vallot_0004_-_Copy_(40)_-_Copy.bmp,1,White
vallot_0004_-_Copy_(40)_-_Copy.bmp,2,Black
vallot_0004_-_Copy_(40)_-_Copy.bmp,3,Black
vallot_0004_-_Copy_(40)_-_Copy.bmp,4,Black
vallot_0004_-_Copy_(40)_-_Copy.bmp,5,Black
vallot_0004_-_Copy_(40)_-_Copy.bmp,6,White
vallot_0004_-_Copy_(41)_-_Copy_-_Copy.bmp,1,White
vallot_0004_-_Copy_(41)_-_Copy_-_Copy.bmp,2,Black
vallot_0004_-_Copy_(41)_-_Copy_-_Copy.bmp,3,Black
vallot_0004_-_Copy_(41)_-_Copy_-_Copy.bmp,4,Black
vallot_0004_-_Copy_(41)_-_Copy_-_Copy.bmp,5,Black
vallot_0004_-_Copy_(41)_-_Copy_-_Copy.bmp,6,White
vallot_0004_-_Copy_(41)_-_Copy.bmp,1,White
vallot_0004_-_Copy_(41)_-_Copy.bmp,2,Black
vallot_0004_-_Copy_(41)_-_Copy.bmp,3,Black
vallot_0004_-_Copy_(41)_-_Copy.bmp,4,Black
vallot_0004_-_Copy_(41)_-_Copy.bmp,5,Black
vallot_0004_-_Copy_(41)_-_Copy.bmp,6,White
vallot_0004_-_Copy_(42)_-_Copy_-_Copy.bmp,1,White
vallot_0004_-_Copy_(42)_-_Copy_-_Copy.bmp,2,Black
vallot_0004_-_Copy_(42)_-_Copy_-_Copy.bmp,3,Black
vallot_0004_-_Copy_(42)_-_Copy_-_Copy.bmp,4,Black
vallot_0004_-_Copy_(42)_-_Copy_-_Copy.bmp,5,Black
vallot_0004_-_Copy_(42)_-_Copy_-_Copy.bmp,6,White
vallot_0004_-_Copy_(42)_-_Copy.bmp,1,White
vallot_0004_-_Copy_(42)_-_Copy.bmp,2,Black
vallot_0004_-_Copy_(42)_-_Copy.bmp,3,Black
vallot_0004_-_Copy_(42)_-_Copy.bmp,4,Black
vallot_0004_-_Copy_(42)_-_Copy.bmp,5,Black
vallot_0004_-_Copy_(42)_-_Copy.bmp,6,White
vallot_0004_-_Copy_(43)_-_Copy_-_Copy.bmp,1,White
vallot_0004_-_Copy_(43)_-_Copy_-_Copy.bmp,2,Black
vallot_0004_-_Copy_(43)_-_Copy_-_Copy.bmp,3,Black
vallot_0004_-_Copy_(43)_-_Copy_-_Copy.bmp,4,Black
vallot_0004_-_Copy_(43)_-_Copy_-_Copy.bmp,5,Black
vallot_0004_-_Copy_(43)_-_Copy_-_Copy.bmp,6,White
vallot_0004_-_Copy_(43)_-_Copy.bmp,1,White
vallot_0004_-_Copy_(43)_-_Copy.bmp,2,Black
vallot_0004_-_Copy_(43)_-_Copy.bmp,3,Black
vallot_0004_-_Copy_(43)_-_Copy.bmp,4,Black
vallot_0004_-_Copy_(43)_-_Copy.bmp,5,Black
vallot_0004_-_Copy_(43)_-_Copy.bmp,6,White
vallot_0004_-_Copy_(44)_-_Copy_-_Copy.bmp,1,White
vallot_0004_-_Copy_(44)_-_Copy_-_Copy.bmp,2,Black
vallot_0004_-_Copy_(44)_-_Copy_-_Copy.bmp,3,Black
vallot_0004_-_Copy_(44)_-_Copy_-_Copy.bmp,4,Black
vallot_0004_-_Copy_(44)_-_Copy_-_Copy.bmp,5,Black
vallot_0004_-_Copy_(44)_-_Copy_-_Copy.bmp,6,White
vallot_0004_-_Copy_(44)_-_Copy.bmp,1,White
vallot_0004_-_Copy_(44)_-_Copy.bmp,2,Black
vallot_0004_-_Copy_(44)_-_Copy.bmp,3,Black
vallot_0004_-_Copy_(44)_-_Copy.bmp,4,Black
vallot_0004_-_Copy_(44)_-_Copy.bmp,5,Black
vallot_0004_-_Copy_(44)_-_Copy.bmp,6,White
vallot_0004_-_Copy_(45)_-_Copy_-_Copy.bmp,1,White
vallot_0004_-_Copy_(45)_-_Copy_-_Copy.bmp,2,Black
vallot_0004_-_Copy_(45)_-_Copy_-_Copy.bmp,3,Black
vallot_0004_-_Copy_(45)_-_Copy_-_Copy.bmp,4,Black
vallot_0004_-_Copy_(45)_-_Copy_-_Copy.bmp,5,Black
vallot_0004_-_Copy_(45)_-_Copy_-_Copy.bmp,6,White
vallot_0004_-_Copy_(45)_-_Copy.bmp,1,White
vallot_0004_-_Copy_(45)_-_Copy.bmp,2,Black
vallot_0004_-_Copy_(45)_-_Copy.bmp,3,Black
vallot_0004_-_Copy_(45)_-_Copy.bmp,4,Black
vallot_0004_-_Copy_(45)_-_Copy.bmp,5,Black
vallot_0004_-_Copy_(45)_-_Copy.bmp,6,White
vallot_0004_-_Copy_(46)_-_Copy_-_Copy.bmp,1,White
vallot_0004_-_Copy_(46)_-_Copy_-_Copy.bmp,2,Black
vallot_0004_-_Copy_(46)_-_Copy_-_Copy.bmp,3,Black
vallot_0004_-_Copy_(46)_-_Copy_-_Copy.bmp,4,Black
vallot_0004_-_Copy_(46)_-_Copy_-_Copy.bmp,5,Black
vallot_0004_-_Copy_(46)_-_Copy_-_Copy.bmp,6,White
vallot_0004_-_Copy_(46)_-_Copy.bmp,1,White
vallot_0004_-_Copy_(46)_-_Copy.bmp,2,Black
vallot_0004_-_Copy_(46)_-_Copy.bmp,3,Black
vallot_0004_-_Copy_(46)_-_Copy.bmp,4,Black
vallot_0004_-_Copy_(46)_-_Copy.bmp,5,Black
vallot_0004_-_Copy_(46)_-_Copy.bmp,6,White
vallot_0004_-_Copy_(47)_-_Copy_-_Copy.bmp,1,White
vallot_0004_-_Copy_(47)_-_Copy_-_Copy.bmp,2,Black
vallot_0004_-_Copy_(47)_-_Copy_-_Copy.bmp,3,Black
vallot_0004_-_Copy_(47)_-_Copy_-_Copy.bmp,4,Black
vallot_0004_-_Copy_(47)_-_Copy_-_Copy.bmp,5,Black
vallot_0004_-_Copy_(47)_-_Copy_-_Copy.bmp,6,White
vallot_0004_-_Copy_(47)_-_Copy.bmp,1,White
vallot_0004_-_Copy_(47)_-_Copy.bmp,2,Black
vallot_0004_-_Copy_(47)_-_Copy.bmp,3,Black
vallot_0004_-_Copy_(47)_-_Copy.bmp,4,Black
vallot_0004_-_Copy_(47)_-_Copy.bmp,5,Black
vallot_0004_-_Copy_(47)_-_Copy.bmp,6,White
vallot_0004_-_Copy_(48)_-_Copy_-_Copy.bmp,1,White
vallot_0004_-_Copy_(48)_-_Copy_-_Copy.bmp,2,Black
vallot_0004_-_Copy_(48)_-_Copy_-_Copy.bmp,3,Black
vallot_0004_-_Copy_(48)_-_Copy_-_Copy.bmp,4,Black
vallot_0004_-_Copy_(48)_-_Copy_-_Copy.bmp,5,Black
vallot_0004_-_Copy_(48)_-_Copy_-_Copy.bmp,6,White
vallot_0004_-_Copy_(48)_-_Copy.bmp,1,White
vallot_0004_-_Copy_(48)_-_Copy.bmp,2,Black
vallot_0004_-_Copy_(48)_-_Copy.bmp,3,Black
vallot_0004_-_Copy_(48)_-_Copy.bmp,4,Black
vallot_0004_-_Copy_(48)_-_Copy.bmp,5,Black
vallot_0004_-_Copy_(48)_-_Copy.bmp,6,White
vallot_0004_-_Copy_(49)_-_Copy_-_Copy.bmp,1,White
vallot_0004_-_Copy_(49)_-_Copy_-_Copy.bmp,2,Black
vallot_0004_-_Copy_(49)_-_Copy_-_Copy.bmp,3,Black
vallot_0004_-_Copy_(49)_-_Copy_-_Copy.bmp,4,Black
vallot_0004_-_Copy_(49)_-_Copy_-_Copy.bmp,5,Black
vallot_0004_-_Copy_(49)_-_Copy_-_Copy.bmp,6,White
vallot_0004_-_Copy_(49)_-_Copy.bmp,1,White
vallot_0004_-_Copy_(49)_-_Copy.bmp,2,Black
vallot_0004_-_Copy_(49)_-_Copy.bmp,3,Black
vallot_0004_-_Copy_(49)_-_Copy.bmp,4,Black
vallot_0004_-_Copy_(49)_-_Copy.bmp,5,Black
vallot_0004_-_Copy_(49)_-_Copy.bmp,6,White
vallot_0004_-_Copy_(50)_-_Copy_-_Copy.bmp,1,White
vallot_0004_-_Copy_(50)_-_Copy_-_Copy.bmp,2,Black
vallot_0004_-_Copy_(50)_-_Copy_-_Copy.bmp,3,Black
vallot_0004_-_Copy_(50)_-_Copy_-_Copy.bmp,4,Black
vallot_0004_-_Copy_(50)_-_Copy_-_Copy.bmp,5,Black
vallot_0004_-_Copy_(50)_-_Copy_-_Copy.bmp,6,White
vallot_0004_-_Copy_(50)_-_Copy.bmp,1,White
vallot_0004_-_Copy_(50)_-_Copy.bmp,2,Black
vallot_0004_-_Copy_(50)_-_Copy.bmp,3,Black
vallot_0004_-_Copy_(50)_-_Copy.bmp,4,Black
vallot_0004_-_Copy_(50)_-_Copy.bmp,5,Black
vallot_0004_-_Copy_(50)_-_Copy.bmp,6,White
vallot_0004_-_Copy_(51)_-_Copy_-_Copy.bmp,1,White
vallot_0004_-_Copy_(51)_-_Copy_-_Copy.bmp,2,Black
vallot_0004_-_Copy_(51)_-_Copy_-_Copy.bmp,3,Black
vallot_0004_-_Copy_(51)_-_Copy_-_Copy.bmp,4,Black
vallot_0004_-_Copy_(51)_-_Copy_-_Copy.bmp,5,Black
vallot_0004_-_Copy_(51)_-_Copy_-_Copy.bmp,6,White
vallot_0004_-_Copy_(51)_-_Copy.bmp,1,White
vallot_0004_-_Copy_(51)_-_Copy.bmp,2,Black
vallot_0004_-_Copy_(51)_-_Copy.bmp,3,Black
vallot_0004_-_Copy_(51)_-_Copy.bmp,4,Black
vallot_0004_-_Copy_(51)_-_Copy.bmp,5,Black
vallot_0004_-_Copy_(51)_-_Copy.bmp,6,White
vallot_0004_-_Copy_(52)_-_Copy_-_Copy.bmp,1,White
vallot_0004_-_Copy_(52)_-_Copy_-_Copy.bmp,2,Black
vallot_0004_-_Copy_(52)_-_Copy_-_Copy.bmp,3,Black
vallot_0004_-_Copy_(52)_-_Copy_-_Copy.bmp,4,Black
vallot_0004_-_Copy_(52)_-_Copy_-_Copy.bmp,5,Black
vallot_0004_-_Copy_(52)_-_Copy_-_Copy.bmp,6,White
vallot_0004_-_Copy_(52)_-_Copy.bmp,1,White
vallot_0004_-_Copy_(52)_-_Copy.bmp,2,Black
vallot_0004_-_Copy_(52)_-_Copy.bmp,3,Black
vallot_0004_-_Copy_(52)_-_Copy.bmp,4,Black
vallot_0004_-_Copy_(52)_-_Copy.bmp,5,Black
vallot_0004_-_Copy_(52)_-_Copy.bmp,6,White
vallot_0004_-_Copy_(53)_-_Copy_-_Copy.bmp,1,White
vallot_0004_-_Copy_(53)_-_Copy_-_Copy.bmp,2,Black
vallot_0004_-_Copy_(53)_-_Copy_-_Copy.bmp,3,Black
vallot_0004_-_Copy_(53)_-_Copy_-_Copy.bmp,4,Black
vallot_0004_-_Copy_(53)_-_Copy_-_Copy.bmp,5,Black
vallot_0004_-_Copy_(53)_-_Copy_-_Copy.bmp,6,White
vallot_0004_-_Copy_(53)_-_Copy.bmp,1,White
vallot_0004_-_Copy_(53)_-_Copy.bmp,2,Black
vallot_0004_-_Copy_(53)_-_Copy.bmp,3,Black
vallot_0004_-_Copy_(53)_-_Copy.bmp,4,Black
vallot_0004_-_Copy_(53)_-_Copy.bmp,5,Black
vallot_0004_-_Copy_(53)_-_Copy.bmp,6,White
vallot_0004_-_Copy_(54)_-_Copy_-_Copy.bmp,1,White
vallot_0004_-_Copy_(54)_-_Copy_-_Copy.bmp,2,Black
vallot_0004_-_Copy_(54)_-_Copy_-_Copy.bmp,3,Black
vallot_0004_-_Copy_(54)_-_Copy_-_Copy.bmp,4,Black
vallot_0004_-_Copy_(54)_-_Copy_-_Copy.bmp,5,Black
vallot_0004_-_Copy_(54)_-_Copy_-_Copy.bmp,6,White
vallot_0004_-_Copy_(54)_-_Copy.bmp,1,White
vallot_0004_-_Copy_(54)_-_Copy.bmp,2,Black
vallot_0004_-_Copy_(54)_-_Copy.bmp,3,Black
vallot_0004_-_Copy_(54)_-_Copy.bmp,4,Black
vallot_0004_-_Copy_(54)_-_Copy.bmp,5,Black
vallot_0004_-_Copy_(54)_-_Copy.bmp,6,White
vallot_0004_-_Copy_(55)_-_Copy_-_Copy.bmp,1,White
vallot_0004_-_Copy_(55)_-_Copy_-_Copy.bmp,2,Black
vallot_0004_-_Copy_(55)_-_Copy_-_Copy.bmp,3,Black
vallot_0004_-_Copy_(55)_-_Copy_-_Copy.bmp,4,Black
vallot_0004_-_Copy_(55)_-_Copy_-_Copy.bmp,5,Black
vallot_0004_-_Copy_(55)_-_Copy_-_Copy.bmp,6,White
vallot_0004_-_Copy_(55)_-_Copy.bmp,1,White
vallot_0004_-_Copy_(55)_-_Copy.bmp,2,Black
vallot_0004_-_Copy_(55)_-_Copy.bmp,3,Black
vallot_0004_-_Copy_(55)_-_Copy.bmp,4,Black
vallot_0004_-_Copy_(55)_-_Copy.bmp,5,Black
vallot_0004_-_Copy_(55)_-_Copy.bmp,6,White
vallot_0004_-_Copy_(56)_-_Copy_-_Copy.bmp,1,White
vallot_0004_-_Copy_(56)_-_Copy_-_Copy.bmp,2,Black
vallot_0004_-_Copy_(56)_-_Copy_-_Copy.bmp,3,Black
vallot_0004_-_Copy_(56)_-_Copy_-_Copy.bmp,4,Black
vallot_0004_-_Copy_(56)_-_Copy_-_Copy.bmp,5,Black
vallot_0004_-_Copy_(56)_-_Copy_-_Copy.bmp,6,White
vallot_0004_-_Copy_(56)_-_Copy.bmp,1,White
vallot_0004_-_Copy_(56)_-_Copy.bmp,2,Black
vallot_0004_-_Copy_(56)_-_Copy.bmp,3,Black
vallot_0004_-_Copy_(56)_-_Copy.bmp,4,Black
vallot_0004_-_Copy_(56)_-_Copy.bmp,5,Black
vallot_0004_-_Copy_(56)_-_Copy.bmp,6,White
vallot_0004_-_Copy_(57)_-_Copy_-_Copy.bmp,1,White
vallot_0004_-_Copy_(57)_-_Copy_-_Copy.bmp,2,Black
vallot_0004_-_Copy_(57)_-_Copy_-_Copy.bmp,3,Black
vallot_0004_-_Copy_(57)_-_Copy_-_Copy.bmp,4,Black
vallot_0004_-_Copy_(57)_-_Copy_-_Copy.bmp,5,Black
vallot_0004_-_Copy_(57)_-_Copy_-_Copy.bmp,6,White
vallot_0004_-_Copy_(57)_-_Copy.bmp,1,White
vallot_0004_-_Copy_(57)_-_Copy.bmp,2,Black
vallot_0004_-_Copy_(57)_-_Copy.bmp,3,Black
vallot_0004_-_Copy_(57)_-_Copy.bmp,4,Black
vallot_0004_-_Copy_(57)_-_Copy.bmp,5,Black
vallot_0004_-_Copy_(57)_-_Copy.bmp,6,White
vallot_0004_-_Copy_(58)_-_Copy_-_Copy.bmp,1,White
vallot_0004_-_Copy_(58)_-_Copy_-_Copy.bmp,2,Black
vallot_0004_-_Copy_(58)_-_Copy_-_Copy.bmp,3,Black
vallot_0004_-_Copy_(58)_-_Copy_-_Copy.bmp,4,Black
vallot_0004_-_Copy_(58)_-_Copy_-_Copy.bmp,5,Black
vallot_0004_-_Copy_(58)_-_Copy_-_Copy.bmp,6,White
vallot_0004_-_Copy_(58)_-_Copy.bmp,1,White
vallot_0004_-_Copy_(58)_-_Copy.bmp,2,Black
vallot_0004_-_Copy_(58)_-_Copy.bmp,3,Black
vallot_0004_-_Copy_(58)_-_Copy.bmp,4,Black
vallot_0004_-_Copy_(58)_-_Copy.bmp,5,Black
vallot_0004_-_Copy_(58)_-_Copy.bmp,6,White
vallot_0004_-_Copy_(59)_-_Copy_-_Copy.bmp,1,White
vallot_0004_-_Copy_(59)_-_Copy_-_Copy.bmp,2,Black
vallot_0004_-_Copy_(59)_-_Copy_-_Copy.bmp,3,Black
vallot_0004_-_Copy_(59)_-_Copy_-_Copy.bmp,4,Black
vallot_0004_-_Copy_(59)_-_Copy_-_Copy.bmp,5,Black
vallot_0004_-_Copy_(59)_-_Copy_-_Copy.bmp,6,White
vallot_0004_-_Copy_(59)_-_Copy.bmp,1,White
vallot_0004_-_Copy_(59)_-_Copy.bmp,2,Black
vallot_0004_-_Copy_(59)_-_Copy.bmp,3,Black
vallot_0004_-_Copy_(59)_-_Copy.bmp,4,Black
vallot_0004_-_Copy_(59)_-_Copy.bmp,5,Black
vallot_0004_-_Copy_(59)_-_Copy.bmp,6,White
vallot_0004_-_Copy_(60)_-_Copy_-_Copy.bmp,1,White
vallot_0004_-_Copy_(60)_-_Copy_-_Copy.bmp,2,Black
vallot_0004_-_Copy_(60)_-_Copy_-_Copy.bmp,3,Black
vallot_0004_-_Copy_(60)_-_Copy_-_Copy.bmp,4,Black
vallot_0004_-_Copy_(60)_-_Copy_-_Copy.bmp,5,Black
vallot_0004_-_Copy_(60)_-_Copy_-_Copy.bmp,6,White
vallot_0004_-_Copy_(60)_-_Copy.bmp,1,White
vallot_0004_-_Copy_(60)_-_Copy.bmp,2,Black
vallot_0004_-_Copy_(60)_-_Copy.bmp,3,Black
vallot_0004_-_Copy_(60)_-_Copy.bmp,4,Black
vallot_0004_-_Copy_(60)_-_Copy.bmp,5,Black
vallot_0004_-_Copy_(60)_-_Copy.bmp,6,White
vallot_0004_-_Copy_(61)_-_Copy_-_Copy.bmp,1,White
vallot_0004_-_Copy_(61)_-_Copy_-_Copy.bmp,2,Black
vallot_0004_-_Copy_(61)_-_Copy_-_Copy.bmp,3,Black
vallot_0004_-_Copy_(61)_-_Copy_-_Copy.bmp,4,Black
vallot_0004_-_Copy_(61)_-_Copy_-_Copy.bmp,5,Black
vallot_0004_-_Copy_(61)_-_Copy_-_Copy.bmp,6,White
vallot_0004_-_Copy_(61)_-_Copy.bmp,1,White
vallot_0004_-_Copy_(61)_-_Copy.bmp,2,Black
vallot_0004_-_Copy_(61)_-_Copy.bmp,3,Black
vallot_0004_-_Copy_(61)_-_Copy.bmp,4,Black
vallot_0004_-_Copy_(61)_-_Copy.bmp,5,Black
vallot_0004_-_Copy_(61)_-_Copy.bmp,6,White
vallot_0004_-_Copy_(62)_-_Copy_-_Copy.bmp,1,White
vallot_0004_-_Copy_(62)_-_Copy_-_Copy.bmp,2,Black
vallot_0004_-_Copy_(62)_-_Copy_-_Copy.bmp,3,Black
vallot_0004_-_Copy_(62)_-_Copy_-_Copy.bmp,4,Black
vallot_0004_-_Copy_(62)_-_Copy_-_Copy.bmp,5,Black
vallot_0004_-_Copy_(62)_-_Copy_-_Copy.bmp,6,White
vallot_0004_-_Copy_(62)_-_Copy.bmp,1,White
vallot_0004_-_Copy_(62)_-_Copy.bmp,2,Black
vallot_0004_-_Copy_(62)_-_Copy.bmp,3,Black
vallot_0004_-_Copy_(62)_-_Copy.bmp,4,Black
vallot_0004_-_Copy_(62)_-_Copy.bmp,5,Black
vallot_0004_-_Copy_(62)_-_Copy.bmp,6,White
vallot_0004_-_Copy_(63)_-_Copy_-_Copy.bmp,1,White
vallot_0004_-_Copy_(63)_-_Copy_-_Copy.bmp,2,Black
vallot_0004_-_Copy_(63)_-_Copy_-_Copy.bmp,3,Black
vallot_0004_-_Copy_(63)_-_Copy_-_Copy.bmp,4,Black
vallot_0004_-_Copy_(63)_-_Copy_-_Copy.bmp,5,Black
vallot_0004_-_Copy_(63)_-_Copy_-_Copy.bmp,6,White
vallot_0004_-_Copy_(63)_-_Copy.bmp,1,White
vallot_0004_-_Copy_(63)_-_Copy.bmp,2,Black
vallot_0004_-_Copy_(63)_-_Copy.bmp,3,Black
vallot_0004_-_Copy_(63)_-_Copy.bmp,4,Black
vallot_0004_-_Copy_(63)_-_Copy.bmp,5,Black
vallot_0004_-_Copy_(63)_-_Copy.bmp,6,White
vallot_0004_-_Copy_(64)_-_Copy_-_Copy.bmp,1,White
vallot_0004_-_Copy_(64)_-_Copy_-_Copy.bmp,2,Black
vallot_0004_-_Copy_(64)_-_Copy_-_Copy.bmp,3,Black
vallot_0004_-_Copy_(64)_-_Copy_-_Copy.bmp,4,Black
vallot_0004_-_Copy_(64)_-_Copy_-_Copy.bmp,5,Black
vallot_0004_-_Copy_(64)_-_Copy_-_Copy.bmp,6,White
vallot_0004_-_Copy_(64)_-_Copy.bmp,1,White
vallot_0004_-_Copy_(64)_-_Copy.bmp,2,Black
vallot_0004_-_Copy_(64)_-_Copy.bmp,3,Black
vallot_0004_-_Copy_(64)_-_Copy.bmp,4,Black
vallot_0004_-_Copy_(64)_-_Copy.bmp,5,Black
vallot_0004_-_Copy_(64)_-_Copy.bmp,6,White
vallot_0004_-_Copy_(65)_-_Copy_-_Copy.bmp,1,White
vallot_0004_-_Copy_(65)_-_Copy_-_Copy.bmp,2,Black
vallot_0004_-_Copy_(65)_-_Copy_-_Copy.bmp,3,Black
vallot_0004_-_Copy_(65)_-_Copy_-_Copy.bmp,4,Black
vallot_0004_-_Copy_(65)_-_Copy_-_Copy.bmp,5,Black
vallot_0004_-_Copy_(65)_-_Copy_-_Copy.bmp,6,White
vallot_0004_-_Copy_(65)_-_Copy.bmp,1,White
vallot_0004_-_Copy_(65)_-_Copy.bmp,2,Black
vallot_0004_-_Copy_(65)_-_Copy.bmp,3,Black
vallot_0004_-_Copy_(65)_-_Copy.bmp,4,Black
vallot_0004_-_Copy_(65)_-_Copy.bmp,5,Black
vallot_0004_-_Copy_(65)_-_Copy.bmp,6,White
vallot_0004_-_Copy_(66)_-_Copy_-_Copy.bmp,1,White
vallot_0004_-_Copy_(66)_-_Copy_-_Copy.bmp,2,Black
vallot_0004_-_Copy_(66)_-_Copy_-_Copy.bmp,3,Black
vallot_0004_-_Copy_(66)_-_Copy_-_Copy.bmp,4,Black
vallot_0004_-_Copy_(66)_-_Copy_-_Copy.bmp,5,Black
vallot_0004_-_Copy_(66)_-_Copy_-_Copy.bmp,6,White
vallot_0004_-_Copy_(66)_-_Copy.bmp,1,White
vallot_0004_-_Copy_(66)_-_Copy.bmp,2,Black
vallot_0004_-_Copy_(66)_-_Copy.bmp,3,Black
vallot_0004_-_Copy_(66)_-_Copy.bmp,4,Black
vallot_0004_-_Copy_(66)_-_Copy.bmp,5,Black
vallot_0004_-_Copy_(66)_-_Copy.bmp,6,White
vallot_0004_-_Copy_(67)_-_Copy_-_Copy.bmp,1,White
vallot_0004_-_Copy_(67)_-_Copy_-_Copy.bmp,2,Black
vallot_0004_-_Copy_(67)_-_Copy_-_Copy.bmp,3,Black
vallot_0004_-_Copy_(67)_-_Copy_-_Copy.bmp,4,Black
vallot_0004_-_Copy_(67)_-_Copy_-_Copy.bmp,5,Black
vallot_0004_-_Copy_(67)_-_Copy_-_Copy.bmp,6,White
vallot_0004_-_Copy_(67)_-_Copy.bmp,1,White
vallot_0004_-_Copy_(67)_-_Copy.bmp,2,Black
vallot_0004_-_Copy_(67)_-_Copy.bmp,3,Black
vallot_0004_-_Copy_(67)_-_Copy.bmp,4,Black
vallot_0004_-_Copy_(67)_-_Copy.bmp,5,Black
vallot_0004_-_Copy_(67)_-_Copy.bmp,6,White
vallot_0004_-_Copy_(68)_-_Copy_-_Copy.bmp,1,White
vallot_0004_-_Copy_(68)_-_Copy_-_Copy.bmp,2,Black
vallot_0004_-_Copy_(68)_-_Copy_-_Copy.bmp,3,Black
vallot_0004_-_Copy_(68)_-_Copy_-_Copy.bmp,4,Black
vallot_0004_-_Copy_(68)_-_Copy_-_Copy.bmp,5,Black
vallot_0004_-_Copy_(68)_-_Copy_-_Copy.bmp,6,White
vallot_0004_-_Copy_(68)_-_Copy.bmp,1,White
vallot_0004_-_Copy_(68)_-_Copy.bmp,2,Black
vallot_0004_-_Copy_(68)_-_Copy.bmp,3,Black
vallot_0004_-_Copy_(68)_-_Copy.bmp,4,Black
vallot_0004_-_Copy_(68)_-_Copy.bmp,5,Black
vallot_0004_-_Copy_(68)_-_Copy.bmp,6,White
vallot_0004_-_Copy_(69)_-_Copy_-_Copy.bmp,1,White
vallot_0004_-_Copy_(69)_-_Copy_-_Copy.bmp,2,Black
vallot_0004_-_Copy_(69)_-_Copy_-_Copy.bmp,3,Black
vallot_0004_-_Copy_(69)_-_Copy_-_Copy.bmp,4,Black
vallot_0004_-_Copy_(69)_-_Copy_-_Copy.bmp,5,Black
vallot_0004_-_Copy_(69)_-_Copy_-_Copy.bmp,6,White
vallot_0004_-_Copy_(69)_-_Copy.bmp,1,White
vallot_0004_-_Copy_(69)_-_Copy.bmp,2,Black
vallot_0004_-_Copy_(69)_-_Copy.bmp,3,Black
vallot_0004_-_Copy_(69)_-_Copy.bmp,4,Black
vallot_0004_-_Copy_(69)_-_Copy.bmp,5,Black
vallot_0004_-_Copy_(69)_-_Copy.bmp,6,White
vallot_0004_-_Copy_(70)_-_Copy_-_Copy.bmp,1,White
vallot_0004_-_Copy_(70)_-_Copy_-_Copy.bmp,2,Black
vallot_0004_-_Copy_(70)_-_Copy_-_Copy.bmp,3,Black
vallot_0004_-_Copy_(70)_-_Copy_-_Copy.bmp,4,Black
vallot_0004_-_Copy_(70)_-_Copy_-_Copy.bmp,5,Black
vallot_0004_-_Copy_(70)_-_Copy_-_Copy.bmp,6,White
vallot_0004_-_Copy_(70)_-_Copy.bmp,1,White
vallot_0004_-_Copy_(70)_-_Copy.bmp,2,Black
vallot_0004_-_Copy_(70)_-_Copy.bmp,3,Black
vallot_0004_-_Copy_(70)_-_Copy.bmp,4,Black
vallot_0004_-_Copy_(70)_-_Copy.bmp,5,Black
vallot_0004_-_Copy_(70)_-_Copy.bmp,6,White
vallot_0004_-_Copy_(71)_-_Copy_-_Copy.bmp,1,White
vallot_0004_-_Copy_(71)_-_Copy_-_Copy.bmp,2,Black
vallot_0004_-_Copy_(71)_-_Copy_-_Copy.bmp,3,Black
vallot_0004_-_Copy_(71)_-_Copy_-_Copy.bmp,4,Black
vallot_0004_-_Copy_(71)_-_Copy_-_Copy.bmp,5,Black
vallot_0004_-_Copy_(71)_-_Copy_-_Copy.bmp,6,White
vallot_0004_-_Copy_(71)_-_Copy.bmp,1,White
vallot_0004_-_Copy_(71)_-_Copy.bmp,2,Black
vallot_0004_-_Copy_(71)_-_Copy.bmp,3,Black
vallot_0004_-_Copy_(71)_-_Copy.bmp,4,Black
vallot_0004_-_Copy_(71)_-_Copy.bmp,5,Black
vallot_0004_-_Copy_(71)_-_Copy.bmp,6,White
vallot_0004_-_Copy_(72)_-_Copy_-_Copy.bmp,1,White
vallot_0004_-_Copy_(72)_-_Copy_-_Copy.bmp,2,Black
vallot_0004_-_Copy_(72)_-_Copy_-_Copy.bmp,3,Black
vallot_0004_-_Copy_(72)_-_Copy_-_Copy.bmp,4,Black
vallot_0004_-_Copy_(72)_-_Copy_-_Copy.bmp,5,Black
vallot_0004_-_Copy_(72)_-_Copy_-_Copy.bmp,6,White
vallot_0004_-_Copy_(72)_-_Copy.bmp,1,White
vallot_0004_-_Copy_(72)_-_Copy.bmp,2,Black
vallot_0004_-_Copy_(72)_-_Copy.bmp,3,Black
vallot_0004_-_Copy_(72)_-_Copy.bmp,4,Black
vallot_0004_-_Copy_(72)_-_Copy.bmp,5,Black
vallot_0004_-_Copy_(72)_-_Copy.bmp,6,White
vallot_0004_-_Copy_(73)_-_Copy_-_Copy.bmp,1,White
vallot_0004_-_Copy_(73)_-_Copy_-_Copy.bmp,2,Black
vallot_0004_-_Copy_(73)_-_Copy_-_Copy.bmp,3,Black
vallot_0004_-_Copy_(73)_-_Copy_-_Copy.bmp,4,Black
vallot_0004_-_Copy_(73)_-_Copy_-_Copy.bmp,5,Black
vallot_0004_-_Copy_(73)_-_Copy_-_Copy.bmp,6,White
vallot_0004_-_Copy_(73)_-_Copy.bmp,1,White
vallot_0004_-_Copy_(73)_-_Copy.bmp,2,Black
vallot_0004_-_Copy_(73)_-_Copy.bmp,3,Black
vallot_0004_-_Copy_(73)_-_Copy.bmp,4,Black
vallot_0004_-_Copy_(73)_-_Copy.bmp,5,Black
vallot_0004_-_Copy_(73)_-_Copy.bmp,6,White
vallot_0004_-_Copy_(74)_-_Copy_-_Copy.bmp,1,White
vallot_0004_-_Copy_(74)_-_Copy_-_Copy.bmp,2,Black
vallot_0004_-_Copy_(74)_-_Copy_-_Copy.bmp,3,Black
vallot_0004_-_Copy_(74)_-_Copy_-_Copy.bmp,4,Black
vallot_0004_-_Copy_(74)_-_Copy_-_Copy.bmp,5,Black
vallot_0004_-_Copy_(74)_-_Copy_-_Copy.bmp,6,White
vallot_0004_-_Copy_(74)_-_Copy.bmp,1,White
vallot_0004_-_Copy_(74)_-_Copy.bmp,2,Black
vallot_0004_-_Copy_(74)_-_Copy.bmp,3,Black
vallot_0004_-_Copy_(74)_-_Copy.bmp,4,Black
vallot_0004_-_Copy_(74)_-_Copy.bmp,5,Black
vallot_0004_-_Copy_(74)_-_Copy.bmp,6,White
vallot_0004_-_Copy_(75)_-_Copy_-_Copy.bmp,1,White
vallot_0004_-_Copy_(75)_-_Copy_-_Copy.bmp,2,Black
vallot_0004_-_Copy_(75)_-_Copy_-_Copy.bmp,3,Black
vallot_0004_-_Copy_(75)_-_Copy_-_Copy.bmp,4,Black
vallot_0004_-_Copy_(75)_-_Copy_-_Copy.bmp,5,Black
vallot_0004_-_Copy_(75)_-_Copy_-_Copy.bmp,6,White
vallot_0004_-_Copy_(75)_-_Copy.bmp,1,White
vallot_0004_-_Copy_(75)_-_Copy.bmp,2,Black
vallot_0004_-_Copy_(75)_-_Copy.bmp,3,Black
vallot_0004_-_Copy_(75)_-_Copy.bmp,4,Black
vallot_0004_-_Copy_(75)_-_Copy.bmp,5,Black
vallot_0004_-_Copy_(75)_-_Copy.bmp,6,White
vallot_0004_-_Copy_(76)_-_Copy_-_Copy.bmp,1,White
vallot_0004_-_Copy_(76)_-_Copy_-_Copy.bmp,2,Black
vallot_0004_-_Copy_(76)_-_Copy_-_Copy.bmp,3,Black
vallot_0004_-_Copy_(76)_-_Copy_-_Copy.bmp,4,Black
vallot_0004_-_Copy_(76)_-_Copy_-_Copy.bmp,5,Black
vallot_0004_-_Copy_(76)_-_Copy_-_Copy.bmp,6,White
vallot_0004_-_Copy_(76)_-_Copy.bmp,1,White
vallot_0004_-_Copy_(76)_-_Copy.bmp,2,Black
vallot_0004_-_Copy_(76)_-_Copy.bmp,3,Black
vallot_0004_-_Copy_(76)_-_Copy.bmp,4,Black
vallot_0004_-_Copy_(76)_-_Copy.bmp,5,Black
vallot_0004_-_Copy_(76)_-_Copy.bmp,6,White
vallot_0004_-_Copy_(77)_-_Copy_-_Copy.bmp,1,White
vallot_0004_-_Copy_(77)_-_Copy_-_Copy.bmp,2,Black
vallot_0004_-_Copy_(77)_-_Copy_-_Copy.bmp,3,Black
vallot_0004_-_Copy_(77)_-_Copy_-_Copy.bmp,4,Black
vallot_0004_-_Copy_(77)_-_Copy_-_Copy.bmp,5,Black
vallot_0004_-_Copy_(77)_-_Copy_-_Copy.bmp,6,White
vallot_0004_-_Copy_(77)_-_Copy.bmp,1,White
vallot_0004_-_Copy_(77)_-_Copy.bmp,2,Black
vallot_0004_-_Copy_(77)_-_Copy.bmp,3,Black
vallot_0004_-_Copy_(77)_-_Copy.bmp,4,Black
vallot_0004_-_Copy_(77)_-_Copy.bmp,5,Black
vallot_0004_-_Copy_(77)_-_Copy.bmp,6,White
vallot_0004_-_Copy_(78)_-_Copy_-_Copy.bmp,1,White
vallot_0004_-_Copy_(78)_-_Copy_-_Copy.bmp,2,Black
vallot_0004_-_Copy_(78)_-_Copy_-_Copy.bmp,3,Black
vallot_0004_-_Copy_(78)_-_Copy_-_Copy.bmp,4,Black
vallot_0004_-_Copy_(78)_-_Copy_-_Copy.bmp,5,Black
vallot_0004_-_Copy_(78)_-_Copy_-_Copy.bmp,6,White
vallot_0004_-_Copy_(78)_-_Copy.bmp,1,White
vallot_0004_-_Copy_(78)_-_Copy.bmp,2,Black
vallot_0004_-_Copy_(78)_-_Copy.bmp,3,Black
vallot_0004_-_Copy_(78)_-_Copy.bmp,4,Black
vallot_0004_-_Copy_(78)_-_Copy.bmp,5,Black
vallot_0004_-_Copy_(78)_-_Copy.bmp,6,White
vallot_0004_-_Copy_(79)_-_Copy_-_Copy.bmp,1,White
vallot_0004_-_Copy_(79)_-_Copy_-_Copy.bmp,2,Black
vallot_0004_-_Copy_(79)_-_Copy_-_Copy.bmp,3,Black
vallot_0004_-_Copy_(79)_-_Copy_-_Copy.bmp,4,Black
vallot_0004_-_Copy_(79)_-_Copy_-_Copy.bmp,5,Black
vallot_0004_-_Copy_(79)_-_Copy_-_Copy.bmp,6,White
vallot_0004_-_Copy_(79)_-_Copy.bmp,1,White
vallot_0004_-_Copy_(79)_-_Copy.bmp,2,Black
vallot_0004_-_Copy_(79)_-_Copy.bmp,3,Black
vallot_0004_-_Copy_(79)_-_Copy.bmp,4,Black
vallot_0004_-_Copy_(79)_-_Copy.bmp,5,Black
vallot_0004_-_Copy_(79)_-_Copy.bmp,6,White
vallot_0004_-_Copy_(80)_-_Copy_-_Copy.bmp,1,White
vallot_0004_-_Copy_(80)_-_Copy_-_Copy.bmp,2,Black
vallot_0004_-_Copy_(80)_-_Copy_-_Copy.bmp,3,Black
vallot_0004_-_Copy_(80)_-_Copy_-_Copy.bmp,4,Black
vallot_0004_-_Copy_(80)_-_Copy_-_Copy.bmp,5,Black
vallot_0004_-_Copy_(80)_-_Copy_-_Copy.bmp,6,White
vallot_0004_-_Copy_(80)_-_Copy.bmp,1,White
vallot_0004_-_Copy_(80)_-_Copy.bmp,2,Black
vallot_0004_-_Copy_(80)_-_Copy.bmp,3,Black
vallot_0004_-_Copy_(80)_-_Copy.bmp,4,Black
vallot_0004_-_Copy_(80)_-_Copy.bmp,5,Black
vallot_0004_-_Copy_(80)_-_Copy.bmp,6,White
vallot_0004_-_Copy_(81)_-_Copy_-_Copy.bmp,1,White
vallot_0004_-_Copy_(81)_-_Copy_-_Copy.bmp,2,Black
vallot_0004_-_Copy_(81)_-_Copy_-_Copy.bmp,3,Black
vallot_0004_-_Copy_(81)_-_Copy_-_Copy.bmp,4,Black
vallot_0004_-_Copy_(81)_-_Copy_-_Copy.bmp,5,Black
vallot_0004_-_Copy_(81)_-_Copy_-_Copy.bmp,6,White
vallot_0004_-_Copy_(81)_-_Copy.bmp,1,White
vallot_0004_-_Copy_(81)_-_Copy.bmp,2,Black
vallot_0004_-_Copy_(81)_-_Copy.bmp,3,Black
vallot_0004_-_Copy_(81)_-_Copy.bmp,4,Black
vallot_0004_-_Copy_(81)_-_Copy.bmp,5,Black
vallot_0004_-_Copy_(81)_-_Copy.bmp,6,White
vallot_0004_-_Copy_(82)_-_Copy_-_Copy.bmp,1,White
vallot_0004_-_Copy_(82)_-_Copy_-_Copy.bmp,2,Black
vallot_0004_-_Copy_(82)_-_Copy_-_Copy.bmp,3,Black
vallot_0004_-_Copy_(82)_-_Copy_-_Copy.bmp,4,Black
vallot_0004_-_Copy_(82)_-_Copy_-_Copy.bmp,5,Black
vallot_0004_-_Copy_(82)_-_Copy_-_Copy.bmp,6,White
vallot_0004_-_Copy_(82)_-_Copy.bmp,1,White
vallot_0004_-_Copy_(82)_-_Copy.bmp,2,Black
vallot_0004_-_Copy_(82)_-_Copy.bmp,3,Black
vallot_0004_-_Copy_(82)_-_Copy.bmp,4,Black
vallot_0004_-_Copy_(82)_-_Copy.bmp,5,Black
vallot_0004_-_Copy_(82)_-_Copy.bmp,6,White
vallot_0004_-_Copy_(83)_-_Copy_-_Copy.bmp,1,White
vallot_0004_-_Copy_(83)_-_Copy_-_Copy.bmp,2,Black
vallot_0004_-_Copy_(83)_-_Copy_-_Copy.bmp,3,Black
vallot_0004_-_Copy_(83)_-_Copy_-_Copy.bmp,4,Black
vallot_0004_-_Copy_(83)_-_Copy_-_Copy.bmp,5,Black
vallot_0004_-_Copy_(83)_-_Copy_-_Copy.bmp,6,White
vallot_0004_-_Copy_(83)_-_Copy.bmp,1,White
vallot_0004_-_Copy_(83)_-_Copy.bmp,2,Black
vallot_0004_-_Copy_(83)_-_Copy.bmp,3,Black
vallot_0004_-_Copy_(83)_-_Copy.bmp,4,Black
vallot_0004_-_Copy_(83)_-_Copy.bmp,5,Black
vallot_0004_-_Copy_(83)_-_Copy.bmp,6,White
vallot_0004_-_Copy_(84)_-_Copy_-_Copy.bmp,1,White
vallot_0004_-_Copy_(84)_-_Copy_-_Copy.bmp,2,Black
vallot_0004_-_Copy_(84)_-_Copy_-_Copy.bmp,3,Black
vallot_0004_-_Copy_(84)_-_Copy_-_Copy.bmp,4,Black
vallot_0004_-_Copy_(84)_-_Copy_-_Copy.bmp,5,Black
vallot_0004_-_Copy_(84)_-_Copy_-_Copy.bmp,6,White
vallot_0004_-_Copy_(84)_-_Copy.bmp,1,White
vallot_0004_-_Copy_(84)_-_Copy.bmp,2,Black
vallot_0004_-_Copy_(84)_-_Copy.bmp,3,Black
vallot_0004_-_Copy_(84)_-_Copy.bmp,4,Black
vallot_0004_-_Copy_(84)_-_Copy.bmp,5,Black
vallot_0004_-_Copy_(84)_-_Copy.bmp,6,White
vallot_0004_-_Copy_(85)_-_Copy_-_Copy.bmp,1,White
vallot_0004_-_Copy_(85)_-_Copy_-_Copy.bmp,2,Black
vallot_0004_-_Copy_(85)_-_Copy_-_Copy.bmp,3,Black
vallot_0004_-_Copy_(85)_-_Copy_-_Copy.bmp,4,Black
vallot_0004_-_Copy_(85)_-_Copy_-_Copy.bmp,5,Black
vallot_0004_-_Copy_(85)_-_Copy_-_Copy.bmp,6,White
vallot_0004_-_Copy_(85)_-_Copy.bmp,1,White
vallot_0004_-_Copy_(85)_-_Copy.bmp,2,Black
vallot_0004_-_Copy_(85)_-_Copy.bmp,3,Black
vallot_0004_-_Copy_(85)_-_Copy.bmp,4,Black
vallot_0004_-_Copy_(85)_-_Copy.bmp,5,Black
vallot_0004_-_Copy_(85)_-_Copy.bmp,6,White
vallot_0004_-_Copy_(86)_-_Copy_-_Copy.bmp,1,White
vallot_0004_-_Copy_(86)_-_Copy_-_Copy.bmp,2,Black
vallot_0004_-_Copy_(86)_-_Copy_-_Copy.bmp,3,Black
vallot_0004_-_Copy_(86)_-_Copy_-_Copy.bmp,4,Black
vallot_0004_-_Copy_(86)_-_Copy_-_Copy.bmp,5,Black
vallot_0004_-_Copy_(86)_-_Copy_-_Copy.bmp,6,White
vallot_0004_-_Copy_(86)_-_Copy.bmp,1,White
vallot_0004_-_Copy_(86)_-_Copy.bmp,2,Black
vallot_0004_-_Copy_(86)_-_Copy.bmp,3,Black
vallot_0004_-_Copy_(86)_-_Copy.bmp,4,Black
vallot_0004_-_Copy_(86)_-_Copy.bmp,5,Black
vallot_0004_-_Copy_(86)_-_Copy.bmp,6,White
vallot_0004_-_Copy_(87)_-_Copy_-_Copy.bmp,1,White
vallot_0004_-_Copy_(87)_-_Copy_-_Copy.bmp,2,Black
vallot_0004_-_Copy_(87)_-_Copy_-_Copy.bmp,3,Black
vallot_0004_-_Copy_(87)_-_Copy_-_Copy.bmp,4,Black
vallot_0004_-_Copy_(87)_-_Copy_-_Copy.bmp,5,Black
vallot_0004_-_Copy_(87)_-_Copy_-_Copy.bmp,6,White
vallot_0004_-_Copy_(87)_-_Copy.bmp,1,White
vallot_0004_-_Copy_(87)_-_Copy.bmp,2,Black
vallot_0004_-_Copy_(87)_-_Copy.bmp,3,Black
vallot_0004_-_Copy_(87)_-_Copy.bmp,4,Black
vallot_0004_-_Copy_(87)_-_Copy.bmp,5,Black
vallot_0004_-_Copy_(87)_-_Copy.bmp,6,White
vallot_0004_-_Copy_(88)_-_Copy_-_Copy.bmp,1,White
vallot_0004_-_Copy_(88)_-_Copy_-_Copy.bmp,2,Black
vallot_0004_-_Copy_(88)_-_Copy_-_Copy.bmp,3,Black
vallot_0004_-_Copy_(88)_-_Copy_-_Copy.bmp,4,Black
vallot_0004_-_Copy_(88)_-_Copy_-_Copy.bmp,5,Black
vallot_0004_-_Copy_(88)_-_Copy_-_Copy.bmp,6,White
vallot_0004_-_Copy_(88)_-_Copy.bmp,1,White
vallot_0004_-_Copy_(88)_-_Copy.bmp,2,Black
vallot_0004_-_Copy_(88)_-_Copy.bmp,3,Black
vallot_0004_-_Copy_(88)_-_Copy.bmp,4,Black
vallot_0004_-_Copy_(88)_-_Copy.bmp,5,Black
vallot_0004_-_Copy_(88)_-_Copy.bmp,6,White
vallot_0004_-_Copy_(89)_-_Copy_-_Copy.bmp,1,White
vallot_0004_-_Copy_(89)_-_Copy_-_Copy.bmp,2,Black
vallot_0004_-_Copy_(89)_-_Copy_-_Copy.bmp,3,Black
vallot_0004_-_Copy_(89)_-_Copy_-_Copy.bmp,4,Black
vallot_0004_-_Copy_(89)_-_Copy_-_Copy.bmp,5,Black
vallot_0004_-_Copy_(89)_-_Copy_-_Copy.bmp,6,White
vallot_0004_-_Copy_(89)_-_Copy.bmp,1,White
vallot_0004_-_Copy_(89)_-_Copy.bmp,2,Black
vallot_0004_-_Copy_(89)_-_Copy.bmp,3,Black
vallot_0004_-_Copy_(89)_-_Copy.bmp,4,Black
vallot_0004_-_Copy_(89)_-_Copy.bmp,5,Black
vallot_0004_-_Copy_(89)_-_Copy.bmp,6,White
vallot_0004_-_Copy_(90)_-_Copy_-_Copy.bmp,1,White
vallot_0004_-_Copy_(90)_-_Copy_-_Copy.bmp,2,Black
vallot_0004_-_Copy_(90)_-_Copy_-_Copy.bmp,3,Black
vallot_0004_-_Copy_(90)_-_Copy_-_Copy.bmp,4,Black
vallot_0004_-_Copy_(90)_-_Copy_-_Copy.bmp,5,Black
vallot_0004_-_Copy_(90)_-_Copy_-_Copy.bmp,6,White
vallot_0004_-_Copy_(90)_-_Copy.bmp,1,White
vallot_0004_-_Copy_(90)_-_Copy.bmp,2,Black
vallot_0004_-_Copy_(90)_-_Copy.bmp,3,Black
vallot_0004_-_Copy_(90)_-_Copy.bmp,4,Black
vallot_0004_-_Copy_(90)_-_Copy.bmp,5,Black
vallot_0004_-_Copy_(90)_-_Copy.bmp,6,White
vallot_0004_-_Copy_(91)_-_Copy_-_Copy.bmp,1,White
vallot_0004_-_Copy_(91)_-_Copy_-_Copy.bmp,2,Black
vallot_0004_-_Copy_(91)_-_Copy_-_Copy.bmp,3,Black
vallot_0004_-_Copy_(91)_-_Copy_-_Copy.bmp,4,Black
vallot_0004_-_Copy_(91)_-_Copy_-_Copy.bmp,5,Black
vallot_0004_-_Copy_(91)_-_Copy_-_Copy.bmp,6,White
vallot_0004_-_Copy_(91)_-_Copy.bmp,1,White
vallot_0004_-_Copy_(91)_-_Copy.bmp,2,Black
vallot_0004_-_Copy_(91)_-_Copy.bmp,3,Black
vallot_0004_-_Copy_(91)_-_Copy.bmp,4,Black
vallot_0004_-_Copy_(91)_-_Copy.bmp,5,Black
vallot_0004_-_Copy_(91)_-_Copy.bmp,6,White
vallot_0004_-_Copy_(92)_-_Copy_-_Copy.bmp,1,White
vallot_0004_-_Copy_(92)_-_Copy_-_Copy.bmp,2,Black
vallot_0004_-_Copy_(92)_-_Copy_-_Copy.bmp,3,Black
vallot_0004_-_Copy_(92)_-_Copy_-_Copy.bmp,4,Black
vallot_0004_-_Copy_(92)_-_Copy_-_Copy.bmp,5,Black
vallot_0004_-_Copy_(92)_-_Copy_-_Copy.bmp,6,White
vallot_0004_-_Copy_(92)_-_Copy.bmp,1,White
vallot_0004_-_Copy_(92)_-_Copy.bmp,2,Black
vallot_0004_-_Copy_(92)_-_Copy.bmp,3,Black
vallot_0004_-_Copy_(92)_-_Copy.bmp,4,Black
vallot_0004_-_Copy_(92)_-_Copy.bmp,5,Black
vallot_0004_-_Copy_(92)_-_Copy.bmp,6,White
vallot_0004_-_Copy_(93)_-_Copy_-_Copy.bmp,1,White
vallot_0004_-_Copy_(93)_-_Copy_-_Copy.bmp,2,Black
vallot_0004_-_Copy_(93)_-_Copy_-_Copy.bmp,3,Black
vallot_0004_-_Copy_(93)_-_Copy_-_Copy.bmp,4,Black
vallot_0004_-_Copy_(93)_-_Copy_-_Copy.bmp,5,Black
vallot_0004_-_Copy_(93)_-_Copy_-_Copy.bmp,6,White
vallot_0004_-_Copy_(93)_-_Copy.bmp,1,White
vallot_0004_-_Copy_(93)_-_Copy.bmp,2,Black
vallot_0004_-_Copy_(93)_-_Copy.bmp,3,Black
vallot_0004_-_Copy_(93)_-_Copy.bmp,4,Black
vallot_0004_-_Copy_(93)_-_Copy.bmp,5,Black
vallot_0004_-_Copy_(93)_-_Copy.bmp,6,White
vallot_0004_-_Copy_(94)_-_Copy_-_Copy.bmp,1,White
vallot_0004_-_Copy_(94)_-_Copy_-_Copy.bmp,2,Black
vallot_0004_-_Copy_(94)_-_Copy_-_Copy.bmp,3,Black
vallot_0004_-_Copy_(94)_-_Copy_-_Copy.bmp,4,Black
vallot_0004_-_Copy_(94)_-_Copy_-_Copy.bmp,5,Black
vallot_0004_-_Copy_(94)_-_Copy_-_Copy.bmp,6,White
vallot_0004_-_Copy_(94)_-_Copy.bmp,1,White
vallot_0004_-_Copy_(94)_-_Copy.bmp,2,Black
vallot_0004_-_Copy_(94)_-_Copy.bmp,3,Black
vallot_0004_-_Copy_(94)_-_Copy.bmp,4,Black
vallot_0004_-_Copy_(94)_-_Copy.bmp,5,Black
vallot_0004_-_Copy_(94)_-_Copy.bmp,6,White
vallot_0004_-_Copy_(95)_-_Copy_-_Copy.bmp,1,White
vallot_0004_-_Copy_(95)_-_Copy_-_Copy.bmp,2,Black
vallot_0004_-_Copy_(95)_-_Copy_-_Copy.bmp,3,Black
vallot_0004_-_Copy_(95)_-_Copy_-_Copy.bmp,4,Black
vallot_0004_-_Copy_(95)_-_Copy_-_Copy.bmp,5,Black
vallot_0004_-_Copy_(95)_-_Copy_-_Copy.bmp,6,White
vallot_0004_-_Copy_(95)_-_Copy.bmp,1,White
vallot_0004_-_Copy_(95)_-_Copy.bmp,2,Black
vallot_0004_-_Copy_(95)_-_Copy.bmp,3,Black
vallot_0004_-_Copy_(95)_-_Copy.bmp,4,Black
vallot_0004_-_Copy_(95)_-_Copy.bmp,5,Black
vallot_0004_-_Copy_(95)_-_Copy.bmp,6,White
vallot_0004_-_Copy_(96)_-_Copy_-_Copy.bmp,1,White
vallot_0004_-_Copy_(96)_-_Copy_-_Copy.bmp,2,Black
vallot_0004_-_Copy_(96)_-_Copy_-_Copy.bmp,3,Black
vallot_0004_-_Copy_(96)_-_Copy_-_Copy.bmp,4,Black
vallot_0004_-_Copy_(96)_-_Copy_-_Copy.bmp,5,Black
vallot_0004_-_Copy_(96)_-_Copy_-_Copy.bmp,6,White
vallot_0004_-_Copy_(96)_-_Copy.bmp,1,White
vallot_0004_-_Copy_(96)_-_Copy.bmp,2,Black
vallot_0004_-_Copy_(96)_-_Copy.bmp,3,Black
vallot_0004_-_Copy_(96)_-_Copy.bmp,4,Black
vallot_0004_-_Copy_(96)_-_Copy.bmp,5,Black
vallot_0004_-_Copy_(96)_-_Copy.bmp,6,White
vallot_0004_-_Copy_(97)_-_Copy_-_Copy.bmp,1,White
vallot_0004_-_Copy_(97)_-_Copy_-_Copy.bmp,2,Black
vallot_0004_-_Copy_(97)_-_Copy_-_Copy.bmp,3,Black
vallot_0004_-_Copy_(97)_-_Copy_-_Copy.bmp,4,Black
vallot_0004_-_Copy_(97)_-_Copy_-_Copy.bmp,5,Black
vallot_0004_-_Copy_(97)_-_Copy_-_Copy.bmp,6,White
vallot_0004_-_Copy_(97)_-_Copy.bmp,1,White
vallot_0004_-_Copy_(97)_-_Copy.bmp,2,Black
vallot_0004_-_Copy_(97)_-_Copy.bmp,3,Black
vallot_0004_-_Copy_(97)_-_Copy.bmp,4,Black
vallot_0004_-_Copy_(97)_-_Copy.bmp,5,Black
vallot_0004_-_Copy_(97)_-_Copy.bmp,6,White
vallot_0004_-_Copy_(98)_-_Copy_-_Copy.bmp,1,White
vallot_0004_-_Copy_(98)_-_Copy_-_Copy.bmp,2,Black
vallot_0004_-_Copy_(98)_-_Copy_-_Copy.bmp,3,Black
vallot_0004_-_Copy_(98)_-_Copy_-_Copy.bmp,4,Black
vallot_0004_-_Copy_(98)_-_Copy_-_Copy.bmp,5,Black
vallot_0004_-_Copy_(98)_-_Copy_-_Copy.bmp,6,White
vallot_0004_-_Copy_(98)_-_Copy.bmp,1,White
vallot_0004_-_Copy_(98)_-_Copy.bmp,2,Black
vallot_0004_-_Copy_(98)_-_Copy.bmp,3,Black
vallot_0004_-_Copy_(98)_-_Copy.bmp,4,Black
vallot_0004_-_Copy_(98)_-_Copy.bmp,5,Black
vallot_0004_-_Copy_(98)_-_Copy.bmp,6,White
vallot_0004_-_Copy_(99)_-_Copy_-_Copy.bmp,1,White
vallot_0004_-_Copy_(99)_-_Copy_-_Copy.bmp,2,Black
vallot_0004_-_Copy_(99)_-_Copy_-_Copy.bmp,3,Black
vallot_0004_-_Copy_(99)_-_Copy_-_Copy.bmp,4,Black
vallot_0004_-_Copy_(99)_-_Copy_-_Copy.bmp,5,Black
vallot_0004_-_Copy_(99)_-_Copy_-_Copy.bmp,6,White
vallot_0004_-_Copy_(99)_-_Copy.bmp,1,White
vallot_0004_-_Copy_(99)_-_Copy.bmp,2,Black
vallot_0004_-_Copy_(99)_-_Copy.bmp,3,Black
vallot_0004_-_Copy_(99)_-_Copy.bmp,4,Black
vallot_0004_-_Copy_(99)_-_Copy.bmp,5,Black
vallot_0004_-_Copy_(99)_-_Copy.bmp,6,White
vallot_0004_-_Copy_(100)_-_Copy_-_Copy.bmp,1,White
vallot_0004_-_Copy_(100)_-_Copy_-_Copy.bmp,2,Black
vallot_0004_-_Copy_(100)_-_Copy_-_Copy.bmp,3,Black
vallot_0004_-_Copy_(100)_-_Copy_-_Copy.bmp,4,Black
vallot_0004_-_Copy_(100)_-_Copy_-_Copy.bmp,5,Black
vallot_0004_-_Copy_(100)_-_Copy_-_Copy.bmp,6,White
vallot_0004_-_Copy_(100)_-_Copy.bmp,1,White
vallot_0004_-_Copy_(100)_-_Copy.bmp,2,Black
vallot_0004_-_Copy_(100)_-_Copy.bmp,3,Black
vallot_0004_-_Copy_(100)_-_Copy.bmp,4,Black
vallot_0004_-_Copy_(100)_-_Copy.bmp,5,Black
vallot_0004_-_Copy_(100)_-_Copy.bmp,6,White
vallot_0004_-_Copy_(101)_-_Copy_-_Copy.bmp,1,White
vallot_0004_-_Copy_(101)_-_Copy_-_Copy.bmp,2,Black
vallot_0004_-_Copy_(101)_-_Copy_-_Copy.bmp,3,Black
vallot_0004_-_Copy_(101)_-_Copy_-_Copy.bmp,4,Black
vallot_0004_-_Copy_(101)_-_Copy_-_Copy.bmp,5,Black
vallot_0004_-_Copy_(101)_-_Copy_-_Copy.bmp,6,White
vallot_0004_-_Copy_(101)_-_Copy.bmp,1,White
vallot_0004_-_Copy_(101)_-_Copy.bmp,2,Black
vallot_0004_-_Copy_(101)_-_Copy.bmp,3,Black
vallot_0004_-_Copy_(101)_-_Copy.bmp,4,Black
vallot_0004_-_Copy_(101)_-_Copy.bmp,5,Black
vallot_0004_-_Copy_(101)_-_Copy.bmp,6,White
vallot_0004_-_Copy_(102)_-_Copy_-_Copy.bmp,1,White
vallot_0004_-_Copy_(102)_-_Copy_-_Copy.bmp,2,Black
vallot_0004_-_Copy_(102)_-_Copy_-_Copy.bmp,3,Black
vallot_0004_-_Copy_(102)_-_Copy_-_Copy.bmp,4,Black
vallot_0004_-_Copy_(102)_-_Copy_-_Copy.bmp,5,Black
vallot_0004_-_Copy_(102)_-_Copy_-_Copy.bmp,6,White
vallot_0004_-_Copy_(102)_-_Copy.bmp,1,White
vallot_0004_-_Copy_(102)_-_Copy.bmp,2,Black
vallot_0004_-_Copy_(102)_-_Copy.bmp,3,Black
vallot_0004_-_Copy_(102)_-_Copy.bmp,4,Black
vallot_0004_-_Copy_(102)_-_Copy.bmp,5,Black
vallot_0004_-_Copy_(102)_-_Copy.bmp,6,White
vallot_0004_-_Copy_(103)_-_Copy_-_Copy.bmp,1,White
vallot_0004_-_Copy_(103)_-_Copy_-_Copy.bmp,2,Black
vallot_0004_-_Copy_(103)_-_Copy_-_Copy.bmp,3,Black
vallot_0004_-_Copy_(103)_-_Copy_-_Copy.bmp,4,Black
vallot_0004_-_Copy_(103)_-_Copy_-_Copy.bmp,5,Black
vallot_0004_-_Copy_(103)_-_Copy_-_Copy.bmp,6,White
vallot_0004_-_Copy_(103)_-_Copy.bmp,1,White
vallot_0004_-_Copy_(103)_-_Copy.bmp,2,Black
vallot_0004_-_Copy_(103)_-_Copy.bmp,3,Black
vallot_0004_-_Copy_(103)_-_Copy.bmp,4,Black
vallot_0004_-_Copy_(103)_-_Copy.bmp,5,Black
vallot_0004_-_Copy_(103)_-_Copy.bmp,6,White
vallot_0004_-_Copy_(104)_-_Copy_-_Copy.bmp,1,White
vallot_0004_-_Copy_(104)_-_Copy_-_Copy.bmp,2,Black
vallot_0004_-_Copy_(104)_-_Copy_-_Copy.bmp,3,Black
vallot_0004_-_Copy_(104)_-_Copy_-_Copy.bmp,4,Black
vallot_0004_-_Copy_(104)_-_Copy_-_Copy.bmp,5,Black
vallot_0004_-_Copy_(104)_-_Copy_-_Copy.bmp,6,White
vallot_0004_-_Copy_(104)_-_Copy.bmp,1,White
vallot_0004_-_Copy_(104)_-_Copy.bmp,2,Black
vallot_0004_-_Copy_(104)_-_Copy.bmp,3,Black
vallot_0004_-_Copy_(104)_-_Copy.bmp,4,Black
vallot_0004_-_Copy_(104)_-_Copy.bmp,5,Black
vallot_0004_-_Copy_(104)_-_Copy.bmp,6,White
vallot_0004_-_Copy_(105)_-_Copy_-_Copy.bmp,1,White
vallot_0004_-_Copy_(105)_-_Copy_-_Copy.bmp,2,Black
vallot_0004_-_Copy_(105)_-_Copy_-_Copy.bmp,3,Black
vallot_0004_-_Copy_(105)_-_Copy_-_Copy.bmp,4,Black
vallot_0004_-_Copy_(105)_-_Copy_-_Copy.bmp,5,Black
vallot_0004_-_Copy_(105)_-_Copy_-_Copy.bmp,6,White
vallot_0004_-_Copy_(105)_-_Copy.bmp,1,White
vallot_0004_-_Copy_(105)_-_Copy.bmp,2,Black
vallot_0004_-_Copy_(105)_-_Copy.bmp,3,Black
vallot_0004_-_Copy_(105)_-_Copy.bmp,4,Black
vallot_0004_-_Copy_(105)_-_Copy.bmp,5,Black
vallot_0004_-_Copy_(105)_-_Copy.bmp,6,White
vallot_0004_-_Copy_(106)_-_Copy_-_Copy.bmp,1,White
vallot_0004_-_Copy_(106)_-_Copy_-_Copy.bmp,2,Black
vallot_0004_-_Copy_(106)_-_Copy_-_Copy.bmp,3,Black
vallot_0004_-_Copy_(106)_-_Copy_-_Copy.bmp,4,Black
vallot_0004_-_Copy_(106)_-_Copy_-_Copy.bmp,5,Black
vallot_0004_-_Copy_(106)_-_Copy_-_Copy.bmp,6,White
vallot_0004_-_Copy_(106)_-_Copy.bmp,1,White
vallot_0004_-_Copy_(106)_-_Copy.bmp,2,Black
vallot_0004_-_Copy_(106)_-_Copy.bmp,3,Black
vallot_0004_-_Copy_(106)_-_Copy.bmp,4,Black
vallot_0004_-_Copy_(106)_-_Copy.bmp,5,Black
vallot_0004_-_Copy_(106)_-_Copy.bmp,6,White
vallot_0004_-_Copy_(107)_-_Copy_-_Copy.bmp,1,White
vallot_0004_-_Copy_(107)_-_Copy_-_Copy.bmp,2,Black
vallot_0004_-_Copy_(107)_-_Copy_-_Copy.bmp,3,Black
vallot_0004_-_Copy_(107)_-_Copy_-_Copy.bmp,4,Black
vallot_0004_-_Copy_(107)_-_Copy_-_Copy.bmp,5,Black
vallot_0004_-_Copy_(107)_-_Copy_-_Copy.bmp,6,White
vallot_0004_-_Copy_(107)_-_Copy.bmp,1,White
vallot_0004_-_Copy_(107)_-_Copy.bmp,2,Black
vallot_0004_-_Copy_(107)_-_Copy.bmp,3,Black
vallot_0004_-_Copy_(107)_-_Copy.bmp,4,Black
vallot_0004_-_Copy_(107)_-_Copy.bmp,5,Black
vallot_0004_-_Copy_(107)_-_Copy.bmp,6,White
vallot_0004_-_Copy_(108)_-_Copy_-_Copy.bmp,1,White
vallot_0004_-_Copy_(108)_-_Copy_-_Copy.bmp,2,Black
vallot_0004_-_Copy_(108)_-_Copy_-_Copy.bmp,3,Black
vallot_0004_-_Copy_(108)_-_Copy_-_Copy.bmp,4,Black
vallot_0004_-_Copy_(108)_-_Copy_-_Copy.bmp,5,Black
vallot_0004_-_Copy_(108)_-_Copy_-_Copy.bmp,6,White
vallot_0004_-_Copy_(108)_-_Copy.bmp,1,White
vallot_0004_-_Copy_(108)_-_Copy.bmp,2,Black
vallot_0004_-_Copy_(108)_-_Copy.bmp,3,Black
vallot_0004_-_Copy_(108)_-_Copy.bmp,4,Black
vallot_0004_-_Copy_(108)_-_Copy.bmp,5,Black
vallot_0004_-_Copy_(108)_-_Copy.bmp,6,White
vallot_0004_-_Copy_(109)_-_Copy_-_Copy.bmp,1,White
vallot_0004_-_Copy_(109)_-_Copy_-_Copy.bmp,2,Black
vallot_0004_-_Copy_(109)_-_Copy_-_Copy.bmp,3,Black
vallot_0004_-_Copy_(109)_-_Copy_-_Copy.bmp,4,Black
vallot_0004_-_Copy_(109)_-_Copy_-_Copy.bmp,5,Black
vallot_0004_-_Copy_(109)_-_Copy_-_Copy.bmp,6,White
vallot_0004_-_Copy_(109)_-_Copy.bmp,1,White
vallot_0004_-_Copy_(109)_-_Copy.bmp,2,Black
vallot_0004_-_Copy_(109)_-_Copy.bmp,3,Black
vallot_0004_-_Copy_(109)_-_Copy.bmp,4,Black
vallot_0004_-_Copy_(109)_-_Copy.bmp,5,Black
vallot_0004_-_Copy_(109)_-_Copy.bmp,6,White
vallot_0004_-_Copy_(110)_-_Copy_-_Copy.bmp,1,White
vallot_0004_-_Copy_(110)_-_Copy_-_Copy.bmp,2,Black
vallot_0004_-_Copy_(110)_-_Copy_-_Copy.bmp,3,Black
vallot_0004_-_Copy_(110)_-_Copy_-_Copy.bmp,4,Black
vallot_0004_-_Copy_(110)_-_Copy_-_Copy.bmp,5,Black
vallot_0004_-_Copy_(110)_-_Copy_-_Copy.bmp,6,White
vallot_0004_-_Copy_(110)_-_Copy.bmp,1,White
vallot_0004_-_Copy_(110)_-_Copy.bmp,2,Black
vallot_0004_-_Copy_(110)_-_Copy.bmp,3,Black
vallot_0004_-_Copy_(110)_-_Copy.bmp,4,Black
vallot_0004_-_Copy_(110)_-_Copy.bmp,5,Black
vallot_0004_-_Copy_(110)_-_Copy.bmp,6,White
vallot_0004_-_Copy_(111)_-_Copy_-_Copy.bmp,1,White
vallot_0004_-_Copy_(111)_-_Copy_-_Copy.bmp,2,Black
vallot_0004_-_Copy_(111)_-_Copy_-_Copy.bmp,3,Black
vallot_0004_-_Copy_(111)_-_Copy_-_Copy.bmp,4,Black
vallot_0004_-_Copy_(111)_-_Copy_-_Copy.bmp,5,Black
vallot_0004_-_Copy_(111)_-_Copy_-_Copy.bmp,6,White
vallot_0004_-_Copy_(111)_-_Copy.bmp,1,White
vallot_0004_-_Copy_(111)_-_Copy.bmp,2,Black
vallot_0004_-_Copy_(111)_-_Copy.bmp,3,Black
vallot_0004_-_Copy_(111)_-_Copy.bmp,4,Black
vallot_0004_-_Copy_(111)_-_Copy.bmp,5,Black
vallot_0004_-_Copy_(111)_-_Copy.bmp,6,White
vallot_0004_-_Copy_(112)_-_Copy_-_Copy.bmp,1,White
vallot_0004_-_Copy_(112)_-_Copy_-_Copy.bmp,2,Black
vallot_0004_-_Copy_(112)_-_Copy_-_Copy.bmp,3,Black
vallot_0004_-_Copy_(112)_-_Copy_-_Copy.bmp,4,Black
vallot_0004_-_Copy_(112)_-_Copy_-_Copy.bmp,5,Black
vallot_0004_-_Copy_(112)_-_Copy_-_Copy.bmp,6,White
vallot_0004_-_Copy_(112)_-_Copy.bmp,1,White
vallot_0004_-_Copy_(112)_-_Copy.bmp,2,Black
vallot_0004_-_Copy_(112)_-_Copy.bmp,3,Black
vallot_0004_-_Copy_(112)_-_Copy.bmp,4,Black
vallot_0004_-_Copy_(112)_-_Copy.bmp,5,Black
vallot_0004_-_Copy_(112)_-_Copy.bmp,6,White
vallot_0004_-_Copy_(113)_-_Copy_-_Copy.bmp,1,White
vallot_0004_-_Copy_(113)_-_Copy_-_Copy.bmp,2,Black
vallot_0004_-_Copy_(113)_-_Copy_-_Copy.bmp,3,Black
vallot_0004_-_Copy_(113)_-_Copy_-_Copy.bmp,4,Black
vallot_0004_-_Copy_(113)_-_Copy_-_Copy.bmp,5,Black
vallot_0004_-_Copy_(113)_-_Copy_-_Copy.bmp,6,White
vallot_0004_-_Copy_(113)_-_Copy.bmp,1,White
vallot_0004_-_Copy_(113)_-_Copy.bmp,2,Black
vallot_0004_-_Copy_(113)_-_Copy.bmp,3,Black
vallot_0004_-_Copy_(113)_-_Copy.bmp,4,Black
vallot_0004_-_Copy_(113)_-_Copy.bmp,5,Black
vallot_0004_-_Copy_(113)_-_Copy.bmp,6,White
vallot_0004_-_Copy_(114)_-_Copy_-_Copy.bmp,1,White
vallot_0004_-_Copy_(114)_-_Copy_-_Copy.bmp,2,Black
vallot_0004_-_Copy_(114)_-_Copy_-_Copy.bmp,3,Black
vallot_0004_-_Copy_(114)_-_Copy_-_Copy.bmp,4,Black
vallot_0004_-_Copy_(114)_-_Copy_-_Copy.bmp,5,Black
vallot_0004_-_Copy_(114)_-_Copy_-_Copy.bmp,6,White
vallot_0004_-_Copy_(114)_-_Copy.bmp,1,White
vallot_0004_-_Copy_(114)_-_Copy.bmp,2,Black
vallot_0004_-_Copy_(114)_-_Copy.bmp,3,Black
vallot_0004_-_Copy_(114)_-_Copy.bmp,4,Black
vallot_0004_-_Copy_(114)_-_Copy.bmp,5,Black
vallot_0004_-_Copy_(114)_-_Copy.bmp,6,White
vallot_0004_-_Copy_(115)_-_Copy_-_Copy.bmp,1,White
vallot_0004_-_Copy_(115)_-_Copy_-_Copy.bmp,2,Black
vallot_0004_-_Copy_(115)_-_Copy_-_Copy.bmp,3,Black
vallot_0004_-_Copy_(115)_-_Copy_-_Copy.bmp,4,Black
vallot_0004_-_Copy_(115)_-_Copy_-_Copy.bmp,5,Black
vallot_0004_-_Copy_(115)_-_Copy_-_Copy.bmp,6,White
vallot_0004_-_Copy_(115)_-_Copy.bmp,1,White
vallot_0004_-_Copy_(115)_-_Copy.bmp,2,Black
vallot_0004_-_Copy_(115)_-_Copy.bmp,3,Black
vallot_0004_-_Copy_(115)_-_Copy.bmp,4,Black
vallot_0004_-_Copy_(115)_-_Copy.bmp,5,Black
vallot_0004_-_Copy_(115)_-_Copy.bmp,6,White
vallot_0004_-_Copy_(116)_-_Copy_-_Copy.bmp,1,White
vallot_0004_-_Copy_(116)_-_Copy_-_Copy.bmp,2,Black
vallot_0004_-_Copy_(116)_-_Copy_-_Copy.bmp,3,Black
vallot_0004_-_Copy_(116)_-_Copy_-_Copy.bmp,4,Black
vallot_0004_-_Copy_(116)_-_Copy_-_Copy.bmp,5,Black
vallot_0004_-_Copy_(116)_-_Copy_-_Copy.bmp,6,White
vallot_0004_-_Copy_(116)_-_Copy.bmp,1,White
vallot_0004_-_Copy_(116)_-_Copy.bmp,2,Black
vallot_0004_-_Copy_(116)_-_Copy.bmp,3,Black
vallot_0004_-_Copy_(116)_-_Copy.bmp,4,Black
vallot_0004_-_Copy_(116)_-_Copy.bmp,5,Black
vallot_0004_-_Copy_(116)_-_Copy.bmp,6,White
vallot_0004_-_Copy_(117)_-_Copy_-_Copy.bmp,1,White
vallot_0004_-_Copy_(117)_-_Copy_-_Copy.bmp,2,Black
vallot_0004_-_Copy_(117)_-_Copy_-_Copy.bmp,3,Black
vallot_0004_-_Copy_(117)_-_Copy_-_Copy.bmp,4,Black
vallot_0004_-_Copy_(117)_-_Copy_-_Copy.bmp,5,Black
vallot_0004_-_Copy_(117)_-_Copy_-_Copy.bmp,6,White
vallot_0004_-_Copy_(117)_-_Copy.bmp,1,White
vallot_0004_-_Copy_(117)_-_Copy.bmp,2,Black
vallot_0004_-_Copy_(117)_-_Copy.bmp,3,Black
vallot_0004_-_Copy_(117)_-_Copy.bmp,4,Black
vallot_0004_-_Copy_(117)_-_Copy.bmp,5,Black
vallot_0004_-_Copy_(117)_-_Copy.bmp,6,White
vallot_0004_-_Copy_(118)_-_Copy_-_Copy.bmp,1,White
vallot_0004_-_Copy_(118)_-_Copy_-_Copy.bmp,2,Black
vallot_0004_-_Copy_(118)_-_Copy_-_Copy.bmp,3,Black
vallot_0004_-_Copy_(118)_-_Copy_-_Copy.bmp,4,Black
vallot_0004_-_Copy_(118)_-_Copy_-_Copy.bmp,5,Black
vallot_0004_-_Copy_(118)_-_Copy_-_Copy.bmp,6,White
vallot_0004_-_Copy_(119)_-_Copy_-_Copy.bmp,1,White
vallot_0004_-_Copy_(119)_-_Copy_-_Copy.bmp,2,Black
vallot_0004_-_Copy_(119)_-_Copy_-_Copy.bmp,3,Black
vallot_0004_-_Copy_(119)_-_Copy_-_Copy.bmp,4,Black
vallot_0004_-_Copy_(119)_-_Copy_-_Copy.bmp,5,Black
vallot_0004_-_Copy_(119)_-_Copy_-_Copy.bmp,6,White
vallot_0004_-_Copy_(120)_-_Copy_-_Copy.bmp,1,White
vallot_0004_-_Copy_(120)_-_Copy_-_Copy.bmp,2,Black
vallot_0004_-_Copy_(120)_-_Copy_-_Copy.bmp,3,Black
vallot_0004_-_Copy_(120)_-_Copy_-_Copy.bmp,4,Black
vallot_0004_-_Copy_(120)_-_Copy_-_Copy.bmp,5,Black
vallot_0004_-_Copy_(120)_-_Copy_-_Copy.bmp,6,White
vallot_0004_-_Copy_(121)_-_Copy_-_Copy.bmp,1,White
vallot_0004_-_Copy_(121)_-_Copy_-_Copy.bmp,2,Black
vallot_0004_-_Copy_(121)_-_Copy_-_Copy.bmp,3,Black
vallot_0004_-_Copy_(121)_-_Copy_-_Copy.bmp,4,Black
vallot_0004_-_Copy_(121)_-_Copy_-_Copy.bmp,5,Black
vallot_0004_-_Copy_(121)_-_Copy_-_Copy.bmp,6,White
vallot_0004_-_Copy_(122)_-_Copy_-_Copy.bmp,1,White
vallot_0004_-_Copy_(122)_-_Copy_-_Copy.bmp,2,Black
vallot_0004_-_Copy_(122)_-_Copy_-_Copy.bmp,3,Black
vallot_0004_-_Copy_(122)_-_Copy_-_Copy.bmp,4,Black
vallot_0004_-_Copy_(122)_-_Copy_-_Copy.bmp,5,Black
vallot_0004_-_Copy_(122)_-_Copy_-_Copy.bmp,6,White
vallot_0004_-_Copy_(123)_-_Copy_-_Copy.bmp,1,White
vallot_0004_-_Copy_(123)_-_Copy_-_Copy.bmp,2,Black
vallot_0004_-_Copy_(123)_-_Copy_-_Copy.bmp,3,Black
vallot_0004_-_Copy_(123)_-_Copy_-_Copy.bmp,4,Black
vallot_0004_-_Copy_(123)_-_Copy_-_Copy.bmp,5,Black
vallot_0004_-_Copy_(123)_-_Copy_-_Copy.bmp,6,White
vallot_0004_-_Copy_(124)_-_Copy_-_Copy.bmp,1,White
vallot_0004_-_Copy_(124)_-_Copy_-_Copy.bmp,2,Black
vallot_0004_-_Copy_(124)_-_Copy_-_Copy.bmp,3,Black
vallot_0004_-_Copy_(124)_-_Copy_-_Copy.bmp,4,Black
vallot_0004_-_Copy_(124)_-_Copy_-_Copy.bmp,5,Black
vallot_0004_-_Copy_(124)_-_Copy_-_Copy.bmp,6,White
vallot_0004_-_Copy_(125)_-_Copy_-_Copy.bmp,1,White
vallot_0004_-_Copy_(125)_-_Copy_-_Copy.bmp,2,Black
vallot_0004_-_Copy_(125)_-_Copy_-_Copy.bmp,3,Black
vallot_0004_-_Copy_(125)_-_Copy_-_Copy.bmp,4,Black
vallot_0004_-_Copy_(125)_-_Copy_-_Copy.bmp,5,Black
vallot_0004_-_Copy_(125)_-_Copy_-_Copy.bmp,6,White
vallot_0004_-_Copy_(126)_-_Copy_-_Copy.bmp,1,White
vallot_0004_-_Copy_(126)_-_Copy_-_Copy.bmp,2,Black
vallot_0004_-_Copy_(126)_-_Copy_-_Copy.bmp,3,Black
vallot_0004_-_Copy_(126)_-_Copy_-_Copy.bmp,4,Black
vallot_0004_-_Copy_(126)_-_Copy_-_Copy.bmp,5,Black
vallot_0004_-_Copy_(126)_-_Copy_-_Copy.bmp,6,White
vallot_0004_-_Copy_(127)_-_Copy_-_Copy.bmp,1,White
vallot_0004_-_Copy_(127)_-_Copy_-_Copy.bmp,2,Black
vallot_0004_-_Copy_(127)_-_Copy_-_Copy.bmp,3,Black
vallot_0004_-_Copy_(127)_-_Copy_-_Copy.bmp,4,Black
vallot_0004_-_Copy_(127)_-_Copy_-_Copy.bmp,5,Black
vallot_0004_-_Copy_(127)_-_Copy_-_Copy.bmp,6,White
vallot_0004_-_Copy_(128)_-_Copy_-_Copy.bmp,1,White
vallot_0004_-_Copy_(128)_-_Copy_-_Copy.bmp,2,Black
vallot_0004_-_Copy_(128)_-_Copy_-_Copy.bmp,3,Black
vallot_0004_-_Copy_(128)_-_Copy_-_Copy.bmp,4,Black
vallot_0004_-_Copy_(128)_-_Copy_-_Copy.bmp,5,Black
vallot_0004_-_Copy_(128)_-_Copy_-_Copy.bmp,6,White
vallot_0004_-_Copy_(129)_-_Copy_-_Copy.bmp,1,White
vallot_0004_-_Copy_(129)_-_Copy_-_Copy.bmp,2,Black
vallot_0004_-_Copy_(129)_-_Copy_-_Copy.bmp,3,Black
vallot_0004_-_Copy_(129)_-_Copy_-_Copy.bmp,4,Black
vallot_0004_-_Copy_(129)_-_Copy_-_Copy.bmp,5,Black
vallot_0004_-_Copy_(129)_-_Copy_-_Copy.bmp,6,White
vallot_0004_-_Copy_(130)_-_Copy_-_Copy.bmp,1,White
vallot_0004_-_Copy_(130)_-_Copy_-_Copy.bmp,2,Black
vallot_0004_-_Copy_(130)_-_Copy_-_Copy.bmp,3,Black
vallot_0004_-_Copy_(130)_-_Copy_-_Copy.bmp,4,Black
vallot_0004_-_Copy_(130)_-_Copy_-_Copy.bmp,5,Black
vallot_0004_-_Copy_(130)_-_Copy_-_Copy.bmp,6,White
vallot_0004_-_Copy_(131)_-_Copy_-_Copy.bmp,1,White
vallot_0004_-_Copy_(131)_-_Copy_-_Copy.bmp,2,Black
vallot_0004_-_Copy_(131)_-_Copy_-_Copy.bmp,3,Black
vallot_0004_-_Copy_(131)_-_Copy_-_Copy.bmp,4,Black
vallot_0004_-_Copy_(131)_-_Copy_-_Copy.bmp,5,Black
vallot_0004_-_Copy_(131)_-_Copy_-_Copy.bmp,6,White
vallot_0004_-_Copy_(132)_-_Copy_-_Copy.bmp,1,White
vallot_0004_-_Copy_(132)_-_Copy_-_Copy.bmp,2,Black
vallot_0004_-_Copy_(132)_-_Copy_-_Copy.bmp,3,Black
vallot_0004_-_Copy_(132)_-_Copy_-_Copy.bmp,4,Black
vallot_0004_-_Copy_(132)_-_Copy_-_Copy.bmp,5,Black
vallot_0004_-_Copy_(132)_-_Copy_-_Copy.bmp,6,White
vallot_0004_-_Copy_(133)_-_Copy_-_Copy.bmp,1,White
vallot_0004_-_Copy_(133)_-_Copy_-_Copy.bmp,2,Black
vallot_0004_-_Copy_(133)_-_Copy_-_Copy.bmp,3,Black
vallot_0004_-_Copy_(133)_-_Copy_-_Copy.bmp,4,Black
vallot_0004_-_Copy_(133)_-_Copy_-_Copy.bmp,5,Black
vallot_0004_-_Copy_(133)_-_Copy_-_Copy.bmp,6,White
vallot_0004_-_Copy_(134)_-_Copy_-_Copy.bmp,1,White
vallot_0004_-_Copy_(134)_-_Copy_-_Copy.bmp,2,Black
vallot_0004_-_Copy_(134)_-_Copy_-_Copy.bmp,3,Black
vallot_0004_-_Copy_(134)_-_Copy_-_Copy.bmp,4,Black
vallot_0004_-_Copy_(134)_-_Copy_-_Copy.bmp,5,Black
vallot_0004_-_Copy_(134)_-_Copy_-_Copy.bmp,6,White
vallot_0004_-_Copy_(135)_-_Copy_-_Copy.bmp,1,White
vallot_0004_-_Copy_(135)_-_Copy_-_Copy.bmp,2,Black
vallot_0004_-_Copy_(135)_-_Copy_-_Copy.bmp,3,Black
vallot_0004_-_Copy_(135)_-_Copy_-_Copy.bmp,4,Black
vallot_0004_-_Copy_(135)_-_Copy_-_Copy.bmp,5,Black
vallot_0004_-_Copy_(135)_-_Copy_-_Copy.bmp,6,White
vallot_0004_-_Copy_(136)_-_Copy_-_Copy.bmp,1,White
vallot_0004_-_Copy_(136)_-_Copy_-_Copy.bmp,2,Black
vallot_0004_-_Copy_(136)_-_Copy_-_Copy.bmp,3,Black
vallot_0004_-_Copy_(136)_-_Copy_-_Copy.bmp,4,Black
vallot_0004_-_Copy_(136)_-_Copy_-_Copy.bmp,5,Black
vallot_0004_-_Copy_(136)_-_Copy_-_Copy.bmp,6,White
vallot_0004_-_Copy_(137)_-_Copy_-_Copy.bmp,1,White
vallot_0004_-_Copy_(137)_-_Copy_-_Copy.bmp,2,Black
vallot_0004_-_Copy_(137)_-_Copy_-_Copy.bmp,3,Black
vallot_0004_-_Copy_(137)_-_Copy_-_Copy.bmp,4,Black
vallot_0004_-_Copy_(137)_-_Copy_-_Copy.bmp,5,Black
vallot_0004_-_Copy_(137)_-_Copy_-_Copy.bmp,6,White
vallot_0004_-_Copy_(138)_-_Copy_-_Copy.bmp,1,White
vallot_0004_-_Copy_(138)_-_Copy_-_Copy.bmp,2,Black
vallot_0004_-_Copy_(138)_-_Copy_-_Copy.bmp,3,Black
vallot_0004_-_Copy_(138)_-_Copy_-_Copy.bmp,4,Black
vallot_0004_-_Copy_(138)_-_Copy_-_Copy.bmp,5,Black
vallot_0004_-_Copy_(138)_-_Copy_-_Copy.bmp,6,White
vallot_0004_-_Copy_(139)_-_Copy_-_Copy.bmp,1,White
vallot_0004_-_Copy_(139)_-_Copy_-_Copy.bmp,2,Black
vallot_0004_-_Copy_(139)_-_Copy_-_Copy.bmp,3,Black
vallot_0004_-_Copy_(139)_-_Copy_-_Copy.bmp,4,Black
vallot_0004_-_Copy_(139)_-_Copy_-_Copy.bmp,5,Black
vallot_0004_-_Copy_(139)_-_Copy_-_Copy.bmp,6,White
vallot_0004_-_Copy_(140)_-_Copy_-_Copy.bmp,1,White
vallot_0004_-_Copy_(140)_-_Copy_-_Copy.bmp,2,Black
vallot_0004_-_Copy_(140)_-_Copy_-_Copy.bmp,3,Black
vallot_0004_-_Copy_(140)_-_Copy_-_Copy.bmp,4,Black
vallot_0004_-_Copy_(140)_-_Copy_-_Copy.bmp,5,Black
vallot_0004_-_Copy_(140)_-_Copy_-_Copy.bmp,6,White
vallot_0004_-_Copy_(141)_-_Copy_-_Copy.bmp,1,White
vallot_0004_-_Copy_(141)_-_Copy_-_Copy.bmp,2,Black
vallot_0004_-_Copy_(141)_-_Copy_-_Copy.bmp,3,Black
vallot_0004_-_Copy_(141)_-_Copy_-_Copy.bmp,4,Black
vallot_0004_-_Copy_(141)_-_Copy_-_Copy.bmp,5,Black
vallot_0004_-_Copy_(141)_-_Copy_-_Copy.bmp,6,White
vallot_0004_-_Copy_(142)_-_Copy_-_Copy.bmp,1,White
vallot_0004_-_Copy_(142)_-_Copy_-_Copy.bmp,2,Black
vallot_0004_-_Copy_(142)_-_Copy_-_Copy.bmp,3,Black
vallot_0004_-_Copy_(142)_-_Copy_-_Copy.bmp,4,Black
vallot_0004_-_Copy_(142)_-_Copy_-_Copy.bmp,5,Black
vallot_0004_-_Copy_(142)_-_Copy_-_Copy.bmp,6,White
vallot_0004_-_Copy_(143)_-_Copy_-_Copy.bmp,1,White
vallot_0004_-_Copy_(143)_-_Copy_-_Copy.bmp,2,Black
vallot_0004_-_Copy_(143)_-_Copy_-_Copy.bmp,3,Black
vallot_0004_-_Copy_(143)_-_Copy_-_Copy.bmp,4,Black
vallot_0004_-_Copy_(143)_-_Copy_-_Copy.bmp,5,Black
vallot_0004_-_Copy_(143)_-_Copy_-_Copy.bmp,6,White
vallot_0004_-_Copy_(144)_-_Copy_-_Copy.bmp,1,White
vallot_0004_-_Copy_(144)_-_Copy_-_Copy.bmp,2,Black
vallot_0004_-_Copy_(144)_-_Copy_-_Copy.bmp,3,Black
vallot_0004_-_Copy_(144)_-_Copy_-_Copy.bmp,4,Black
vallot_0004_-_Copy_(144)_-_Copy_-_Copy.bmp,5,Black
vallot_0004_-_Copy_(144)_-_Copy_-_Copy.bmp,6,White
vallot_0004_-_Copy_(145)_-_Copy_-_Copy.bmp,1,White
vallot_0004_-_Copy_(145)_-_Copy_-_Copy.bmp,2,Black
vallot_0004_-_Copy_(145)_-_Copy_-_Copy.bmp,3,Black
vallot_0004_-_Copy_(145)_-_Copy_-_Copy.bmp,4,Black
vallot_0004_-_Copy_(145)_-_Copy_-_Copy.bmp,5,Black
vallot_0004_-_Copy_(145)_-_Copy_-_Copy.bmp,6,White
vallot_0004_-_Copy_(146)_-_Copy_-_Copy.bmp,1,White
vallot_0004_-_Copy_(146)_-_Copy_-_Copy.bmp,2,Black
vallot_0004_-_Copy_(146)_-_Copy_-_Copy.bmp,3,Black
vallot_0004_-_Copy_(146)_-_Copy_-_Copy.bmp,4,Black
vallot_0004_-_Copy_(146)_-_Copy_-_Copy.bmp,5,Black
vallot_0004_-_Copy_(146)_-_Copy_-_Copy.bmp,6,White
vallot_0004_-_Copy_(147)_-_Copy_-_Copy.bmp,1,White
vallot_0004_-_Copy_(147)_-_Copy_-_Copy.bmp,2,Black
vallot_0004_-_Copy_(147)_-_Copy_-_Copy.bmp,3,Black
vallot_0004_-_Copy_(147)_-_Copy_-_Copy.bmp,4,Black
vallot_0004_-_Copy_(147)_-_Copy_-_Copy.bmp,5,Black
vallot_0004_-_Copy_(147)_-_Copy_-_Copy.bmp,6,White
vallot_0004_-_Copy_(148)_-_Copy_-_Copy.bmp,1,White
vallot_0004_-_Copy_(148)_-_Copy_-_Copy.bmp,2,Black
vallot_0004_-_Copy_(148)_-_Copy_-_Copy.bmp,3,Black
vallot_0004_-_Copy_(148)_-_Copy_-_Copy.bmp,4,Black
vallot_0004_-_Copy_(148)_-_Copy_-_Copy.bmp,5,Black
vallot_0004_-_Copy_(148)_-_Copy_-_Copy.bmp,6,White
vallot_0004_-_Copy_(149)_-_Copy_-_Copy.bmp,1,White
vallot_0004_-_Copy_(149)_-_Copy_-_Copy.bmp,2,Black
vallot_0004_-_Copy_(149)_-_Copy_-_Copy.bmp,3,Black
vallot_0004_-_Copy_(149)_-_Copy_-_Copy.bmp,4,Black
vallot_0004_-_Copy_(149)_-_Copy_-_Copy.bmp,5,Black
vallot_0004_-_Copy_(149)_-_Copy_-_Copy.bmp,6,White
vallot_0004_-_Copy_(150)_-_Copy_-_Copy.bmp,1,White
vallot_0004_-_Copy_(150)_-_Copy_-_Copy.bmp,2,Black
vallot_0004_-_Copy_(150)_-_Copy_-_Copy.bmp,3,Black
vallot_0004_-_Copy_(150)_-_Copy_-_Copy.bmp,4,Black
vallot_0004_-_Copy_(150)_-_Copy_-_Copy.bmp,5,Black
vallot_0004_-_Copy_(150)_-_Copy_-_Copy.bmp,6,White
vallot_0004_-_Copy_(151)_-_Copy_-_Copy.bmp,1,White
vallot_0004_-_Copy_(151)_-_Copy_-_Copy.bmp,2,Black
vallot_0004_-_Copy_(151)_-_Copy_-_Copy.bmp,3,Black
vallot_0004_-_Copy_(151)_-_Copy_-_Copy.bmp,4,Black
vallot_0004_-_Copy_(151)_-_Copy_-_Copy.bmp,5,Black
vallot_0004_-_Copy_(151)_-_Copy_-_Copy.bmp,6,White
vallot_0004_-_Copy_(152)_-_Copy_-_Copy.bmp,1,White
vallot_0004_-_Copy_(152)_-_Copy_-_Copy.bmp,2,Black
vallot_0004_-_Copy_(152)_-_Copy_-_Copy.bmp,3,Black
vallot_0004_-_Copy_(152)_-_Copy_-_Copy.bmp,4,Black
vallot_0004_-_Copy_(152)_-_Copy_-_Copy.bmp,5,Black
vallot_0004_-_Copy_(152)_-_Copy_-_Copy.bmp,6,White
vallot_0004_-_Copy_(153)_-_Copy_-_Copy.bmp,1,White
vallot_0004_-_Copy_(153)_-_Copy_-_Copy.bmp,2,Black
vallot_0004_-_Copy_(153)_-_Copy_-_Copy.bmp,3,Black
vallot_0004_-_Copy_(153)_-_Copy_-_Copy.bmp,4,Black
vallot_0004_-_Copy_(153)_-_Copy_-_Copy.bmp,5,Black
vallot_0004_-_Copy_(153)_-_Copy_-_Copy.bmp,6,White
vallot_0004_-_Copy_(154)_-_Copy_-_Copy.bmp,1,White
vallot_0004_-_Copy_(154)_-_Copy_-_Copy.bmp,2,Black
vallot_0004_-_Copy_(154)_-_Copy_-_Copy.bmp,3,Black
vallot_0004_-_Copy_(154)_-_Copy_-_Copy.bmp,4,Black
vallot_0004_-_Copy_(154)_-_Copy_-_Copy.bmp,5,Black
vallot_0004_-_Copy_(154)_-_Copy_-_Copy.bmp,6,White
vallot_0004_-_Copy_(155)_-_Copy_-_Copy.bmp,1,White
vallot_0004_-_Copy_(155)_-_Copy_-_Copy.bmp,2,Black
vallot_0004_-_Copy_(155)_-_Copy_-_Copy.bmp,3,Black
vallot_0004_-_Copy_(155)_-_Copy_-_Copy.bmp,4,Black
vallot_0004_-_Copy_(155)_-_Copy_-_Copy.bmp,5,Black
vallot_0004_-_Copy_(155)_-_Copy_-_Copy.bmp,6,White
vallot_0004_-_Copy_(156)_-_Copy_-_Copy.bmp,1,White
vallot_0004_-_Copy_(156)_-_Copy_-_Copy.bmp,2,Black
vallot_0004_-_Copy_(156)_-_Copy_-_Copy.bmp,3,Black
vallot_0004_-_Copy_(156)_-_Copy_-_Copy.bmp,4,Black
vallot_0004_-_Copy_(156)_-_Copy_-_Copy.bmp,5,Black
vallot_0004_-_Copy_(156)_-_Copy_-_Copy.bmp,6,White
vallot_0004_-_Copy_(157)_-_Copy_-_Copy.bmp,1,White
vallot_0004_-_Copy_(157)_-_Copy_-_Copy.bmp,2,Black
vallot_0004_-_Copy_(157)_-_Copy_-_Copy.bmp,3,Black
vallot_0004_-_Copy_(157)_-_Copy_-_Copy.bmp,4,Black
vallot_0004_-_Copy_(157)_-_Copy_-_Copy.bmp,5,Black
vallot_0004_-_Copy_(157)_-_Copy_-_Copy.bmp,6,White
vallot_0004_-_Copy_(158)_-_Copy_-_Copy.bmp,1,White
vallot_0004_-_Copy_(158)_-_Copy_-_Copy.bmp,2,Black
vallot_0004_-_Copy_(158)_-_Copy_-_Copy.bmp,3,Black
vallot_0004_-_Copy_(158)_-_Copy_-_Copy.bmp,4,Black
vallot_0004_-_Copy_(158)_-_Copy_-_Copy.bmp,5,Black
vallot_0004_-_Copy_(158)_-_Copy_-_Copy.bmp,6,White
vallot_0004_-_Copy_(159)_-_Copy_-_Copy.bmp,1,White
vallot_0004_-_Copy_(159)_-_Copy_-_Copy.bmp,2,Black
vallot_0004_-_Copy_(159)_-_Copy_-_Copy.bmp,3,Black
vallot_0004_-_Copy_(159)_-_Copy_-_Copy.bmp,4,Black
vallot_0004_-_Copy_(159)_-_Copy_-_Copy.bmp,5,Black
vallot_0004_-_Copy_(159)_-_Copy_-_Copy.bmp,6,White
vallot_0004_-_Copy_(160)_-_Copy_-_Copy.bmp,1,White
vallot_0004_-_Copy_(160)_-_Copy_-_Copy.bmp,2,Black
vallot_0004_-_Copy_(160)_-_Copy_-_Copy.bmp,3,Black
vallot_0004_-_Copy_(160)_-_Copy_-_Copy.bmp,4,Black
vallot_0004_-_Copy_(160)_-_Copy_-_Copy.bmp,5,Black
vallot_0004_-_Copy_(160)_-_Copy_-_Copy.bmp,6,White
vallot_0004_-_Copy_(161)_-_Copy_-_Copy.bmp,1,White
vallot_0004_-_Copy_(161)_-_Copy_-_Copy.bmp,2,Black
vallot_0004_-_Copy_(161)_-_Copy_-_Copy.bmp,3,Black
vallot_0004_-_Copy_(161)_-_Copy_-_Copy.bmp,4,Black
vallot_0004_-_Copy_(161)_-_Copy_-_Copy.bmp,5,Black
vallot_0004_-_Copy_(161)_-_Copy_-_Copy.bmp,6,White
vallot_0004_-_Copy.bmp,1,White
vallot_0004_-_Copy.bmp,2,Black
vallot_0004_-_Copy.bmp,3,Black
vallot_0004_-_Copy.bmp,4,Black
vallot_0004_-_Copy.bmp,5,Black
vallot_0004_-_Copy.bmp,6,White
vallot_0004.bmp,1,White
vallot_0004.bmp,2,Black
vallot_0004.bmp,3,Black
vallot_0004.bmp,4,Black
vallot_0004.bmp,5,Black
vallot_0004.bmp,6,White
vallot_0005_-_Copy_-_Copy_-_Copy_(2).bmp,1,White
vallot_0005_-_Copy_-_Copy_-_Copy_(2).bmp,2,Black
vallot_0005_-_Copy_-_Copy_-_Copy_(2).bmp,3,Black
vallot_0005_-_Copy_-_Copy_-_Copy_(2).bmp,4,Black
vallot_0005_-_Copy_-_Copy_-_Copy_(2).bmp,5,Black
vallot_0005_-_Copy_-_Copy_-_Copy_(2).bmp,6,White
vallot_0005_-_Copy_-_Copy_-_Copy.bmp,1,White
vallot_0005_-_Copy_-_Copy_-_Copy.bmp,2,Black
vallot_0005_-_Copy_-_Copy_-_Copy.bmp,3,Black
vallot_0005_-_Copy_-_Copy_-_Copy.bmp,4,Black
vallot_0005_-_Copy_-_Copy_-_Copy.bmp,5,Black
vallot_0005_-_Copy_-_Copy_-_Copy.bmp,6,White
vallot_0005_-_Copy_-_Copy_(2)_-_Copy.bmp,1,White
vallot_0005_-_Copy_-_Copy_(2)_-_Copy.bmp,2,Black
vallot_0005_-_Copy_-_Copy_(2)_-_Copy.bmp,3,Black
vallot_0005_-_Copy_-_Copy_(2)_-_Copy.bmp,4,Black
vallot_0005_-_Copy_-_Copy_(2)_-_Copy.bmp,5,Black
vallot_0005_-_Copy_-_Copy_(2)_-_Copy.bmp,6,White
vallot_0005_-_Copy_-_Copy_(2).bmp,1,White
vallot_0005_-_Copy_-_Copy_(2).bmp,2,Black
vallot_0005_-_Copy_-_Copy_(2).bmp,3,Black
vallot_0005_-_Copy_-_Copy_(2).bmp,4,Black
vallot_0005_-_Copy_-_Copy_(2).bmp,5,Black
vallot_0005_-_Copy_-_Copy_(2).bmp,6,White
vallot_0005_-_Copy_-_Copy_(3)_-_Copy.bmp,1,White
vallot_0005_-_Copy_-_Copy_(3)_-_Copy.bmp,2,Black
vallot_0005_-_Copy_-_Copy_(3)_-_Copy.bmp,3,Black
vallot_0005_-_Copy_-_Copy_(3)_-_Copy.bmp,4,Black
vallot_0005_-_Copy_-_Copy_(3)_-_Copy.bmp,5,Black
vallot_0005_-_Copy_-_Copy_(3)_-_Copy.bmp,6,White
vallot_0005_-_Copy_-_Copy_(3).bmp,1,White
vallot_0005_-_Copy_-_Copy_(3).bmp,2,Black
vallot_0005_-_Copy_-_Copy_(3).bmp,3,Black
vallot_0005_-_Copy_-_Copy_(3).bmp,4,Black
vallot_0005_-_Copy_-_Copy_(3).bmp,5,Black
vallot_0005_-_Copy_-_Copy_(3).bmp,6,White
vallot_0005_-_Copy_-_Copy_(4)_-_Copy.bmp,1,White
vallot_0005_-_Copy_-_Copy_(4)_-_Copy.bmp,2,Black
vallot_0005_-_Copy_-_Copy_(4)_-_Copy.bmp,3,Black
vallot_0005_-_Copy_-_Copy_(4)_-_Copy.bmp,4,Black
vallot_0005_-_Copy_-_Copy_(4)_-_Copy.bmp,5,Black
vallot_0005_-_Copy_-_Copy_(4)_-_Copy.bmp,6,White
vallot_0005_-_Copy_-_Copy_(4).bmp,1,White
vallot_0005_-_Copy_-_Copy_(4).bmp,2,Black
vallot_0005_-_Copy_-_Copy_(4).bmp,3,Black
vallot_0005_-_Copy_-_Copy_(4).bmp,4,Black
vallot_0005_-_Copy_-_Copy_(4).bmp,5,Black
vallot_0005_-_Copy_-_Copy_(4).bmp,6,White
vallot_0005_-_Copy_-_Copy_(5)_-_Copy.bmp,1,White
vallot_0005_-_Copy_-_Copy_(5)_-_Copy.bmp,2,Black
vallot_0005_-_Copy_-_Copy_(5)_-_Copy.bmp,3,Black
vallot_0005_-_Copy_-_Copy_(5)_-_Copy.bmp,4,Black
vallot_0005_-_Copy_-_Copy_(5)_-_Copy.bmp,5,Black
vallot_0005_-_Copy_-_Copy_(5)_-_Copy.bmp,6,White
vallot_0005_-_Copy_-_Copy_(5).bmp,1,White
vallot_0005_-_Copy_-_Copy_(5).bmp,2,Black
vallot_0005_-_Copy_-_Copy_(5).bmp,3,Black
vallot_0005_-_Copy_-_Copy_(5).bmp,4,Black
vallot_0005_-_Copy_-_Copy_(5).bmp,5,Black
vallot_0005_-_Copy_-_Copy_(5).bmp,6,White
vallot_0005_-_Copy_-_Copy_(6)_-_Copy.bmp,1,White
vallot_0005_-_Copy_-_Copy_(6)_-_Copy.bmp,2,Black
vallot_0005_-_Copy_-_Copy_(6)_-_Copy.bmp,3,Black
vallot_0005_-_Copy_-_Copy_(6)_-_Copy.bmp,4,Black
vallot_0005_-_Copy_-_Copy_(6)_-_Copy.bmp,5,Black
vallot_0005_-_Copy_-_Copy_(6)_-_Copy.bmp,6,White
vallot_0005_-_Copy_-_Copy_(6).bmp,1,White
vallot_0005_-_Copy_-_Copy_(6).bmp,2,Black
vallot_0005_-_Copy_-_Copy_(6).bmp,3,Black
vallot_0005_-_Copy_-_Copy_(6).bmp,4,Black
vallot_0005_-_Copy_-_Copy_(6).bmp,5,Black
vallot_0005_-_Copy_-_Copy_(6).bmp,6,White
vallot_0005_-_Copy_-_Copy_(7)_-_Copy.bmp,1,White
vallot_0005_-_Copy_-_Copy_(7)_-_Copy.bmp,2,Black
vallot_0005_-_Copy_-_Copy_(7)_-_Copy.bmp,3,Black
vallot_0005_-_Copy_-_Copy_(7)_-_Copy.bmp,4,Black
vallot_0005_-_Copy_-_Copy_(7)_-_Copy.bmp,5,Black
vallot_0005_-_Copy_-_Copy_(7)_-_Copy.bmp,6,White
vallot_0005_-_Copy_-_Copy_(7).bmp,1,White
vallot_0005_-_Copy_-_Copy_(7).bmp,2,Black
vallot_0005_-_Copy_-_Copy_(7).bmp,3,Black
vallot_0005_-_Copy_-_Copy_(7).bmp,4,Black
vallot_0005_-_Copy_-_Copy_(7).bmp,5,Black
vallot_0005_-_Copy_-_Copy_(7).bmp,6,White
vallot_0005_-_Copy_-_Copy_(8)_-_Copy.bmp,1,White
vallot_0005_-_Copy_-_Copy_(8)_-_Copy.bmp,2,Black
vallot_0005_-_Copy_-_Copy_(8)_-_Copy.bmp,3,Black
vallot_0005_-_Copy_-_Copy_(8)_-_Copy.bmp,4,Black
vallot_0005_-_Copy_-_Copy_(8)_-_Copy.bmp,5,Black
vallot_0005_-_Copy_-_Copy_(8)_-_Copy.bmp,6,White
vallot_0005_-_Copy_-_Copy_(8).bmp,1,White
vallot_0005_-_Copy_-_Copy_(8).bmp,2,Black
vallot_0005_-_Copy_-_Copy_(8).bmp,3,Black
vallot_0005_-_Copy_-_Copy_(8).bmp,4,Black
vallot_0005_-_Copy_-_Copy_(8).bmp,5,Black
vallot_0005_-_Copy_-_Copy_(8).bmp,6,White
vallot_0005_-_Copy_-_Copy_(9)_-_Copy.bmp,1,White
vallot_0005_-_Copy_-_Copy_(9)_-_Copy.bmp,2,Black
vallot_0005_-_Copy_-_Copy_(9)_-_Copy.bmp,3,Black
vallot_0005_-_Copy_-_Copy_(9)_-_Copy.bmp,4,Black
vallot_0005_-_Copy_-_Copy_(9)_-_Copy.bmp,5,Black
vallot_0005_-_Copy_-_Copy_(9)_-_Copy.bmp,6,White
vallot_0005_-_Copy_-_Copy_(9).bmp,1,White
vallot_0005_-_Copy_-_Copy_(9).bmp,2,Black
vallot_0005_-_Copy_-_Copy_(9).bmp,3,Black
vallot_0005_-_Copy_-_Copy_(9).bmp,4,Black
vallot_0005_-_Copy_-_Copy_(9).bmp,5,Black
vallot_0005_-_Copy_-_Copy_(9).bmp,6,White
vallot_0005_-_Copy_-_Copy_(10)_-_Copy.bmp,1,White
vallot_0005_-_Copy_-_Copy_(10)_-_Copy.bmp,2,Black
vallot_0005_-_Copy_-_Copy_(10)_-_Copy.bmp,3,Black
vallot_0005_-_Copy_-_Copy_(10)_-_Copy.bmp,4,Black
vallot_0005_-_Copy_-_Copy_(10)_-_Copy.bmp,5,Black
vallot_0005_-_Copy_-_Copy_(10)_-_Copy.bmp,6,White
vallot_0005_-_Copy_-_Copy_(10).bmp,1,White
vallot_0005_-_Copy_-_Copy_(10).bmp,2,Black
vallot_0005_-_Copy_-_Copy_(10).bmp,3,Black
vallot_0005_-_Copy_-_Copy_(10).bmp,4,Black
vallot_0005_-_Copy_-_Copy_(10).bmp,5,Black
vallot_0005_-_Copy_-_Copy_(10).bmp,6,White
vallot_0005_-_Copy_-_Copy_(11)_-_Copy.bmp,1,White
vallot_0005_-_Copy_-_Copy_(11)_-_Copy.bmp,2,Black
vallot_0005_-_Copy_-_Copy_(11)_-_Copy.bmp,3,Black
vallot_0005_-_Copy_-_Copy_(11)_-_Copy.bmp,4,Black
vallot_0005_-_Copy_-_Copy_(11)_-_Copy.bmp,5,Black
vallot_0005_-_Copy_-_Copy_(11)_-_Copy.bmp,6,White
vallot_0005_-_Copy_-_Copy_(12)_-_Copy.bmp,1,White
vallot_0005_-_Copy_-_Copy_(12)_-_Copy.bmp,2,Black
vallot_0005_-_Copy_-_Copy_(12)_-_Copy.bmp,3,Black
vallot_0005_-_Copy_-_Copy_(12)_-_Copy.bmp,4,Black
vallot_0005_-_Copy_-_Copy_(12)_-_Copy.bmp,5,Black
vallot_0005_-_Copy_-_Copy_(12)_-_Copy.bmp,6,White
vallot_0005_-_Copy_-_Copy_(13)_-_Copy.bmp,1,White
vallot_0005_-_Copy_-_Copy_(13)_-_Copy.bmp,2,Black
vallot_0005_-_Copy_-_Copy_(13)_-_Copy.bmp,3,Black
vallot_0005_-_Copy_-_Copy_(13)_-_Copy.bmp,4,Black
vallot_0005_-_Copy_-_Copy_(13)_-_Copy.bmp,5,Black
vallot_0005_-_Copy_-_Copy_(13)_-_Copy.bmp,6,White
vallot_0005_-_Copy_-_Copy_(14)_-_Copy.bmp,1,White
vallot_0005_-_Copy_-_Copy_(14)_-_Copy.bmp,2,Black
vallot_0005_-_Copy_-_Copy_(14)_-_Copy.bmp,3,Black
vallot_0005_-_Copy_-_Copy_(14)_-_Copy.bmp,4,Black
vallot_0005_-_Copy_-_Copy_(14)_-_Copy.bmp,5,Black
vallot_0005_-_Copy_-_Copy_(14)_-_Copy.bmp,6,White
vallot_0005_-_Copy_-_Copy_(15)_-_Copy.bmp,1,White
vallot_0005_-_Copy_-_Copy_(15)_-_Copy.bmp,2,Black
vallot_0005_-_Copy_-_Copy_(15)_-_Copy.bmp,3,Black
vallot_0005_-_Copy_-_Copy_(15)_-_Copy.bmp,4,Black
vallot_0005_-_Copy_-_Copy_(15)_-_Copy.bmp,5,Black
vallot_0005_-_Copy_-_Copy_(15)_-_Copy.bmp,6,White
vallot_0005_-_Copy_-_Copy.bmp,1,White
vallot_0005_-_Copy_-_Copy.bmp,2,Black
vallot_0005_-_Copy_-_Copy.bmp,3,Black
vallot_0005_-_Copy_-_Copy.bmp,4,Black
vallot_0005_-_Copy_-_Copy.bmp,5,Black
vallot_0005_-_Copy_-_Copy.bmp,6,White
vallot_0005_-_Copy_(2)_-_Copy_-_Copy.bmp,1,White
vallot_0005_-_Copy_(2)_-_Copy_-_Copy.bmp,2,Black
vallot_0005_-_Copy_(2)_-_Copy_-_Copy.bmp,3,Black
vallot_0005_-_Copy_(2)_-_Copy_-_Copy.bmp,4,Black
vallot_0005_-_Copy_(2)_-_Copy_-_Copy.bmp,5,Black
vallot_0005_-_Copy_(2)_-_Copy_-_Copy.bmp,6,White
vallot_0005_-_Copy_(2)_-_Copy.bmp,1,White
vallot_0005_-_Copy_(2)_-_Copy.bmp,2,Black
vallot_0005_-_Copy_(2)_-_Copy.bmp,3,Black
vallot_0005_-_Copy_(2)_-_Copy.bmp,4,Black
vallot_0005_-_Copy_(2)_-_Copy.bmp,5,Black
vallot_0005_-_Copy_(2)_-_Copy.bmp,6,White
vallot_0005_-_Copy_(2).bmp,1,White
vallot_0005_-_Copy_(2).bmp,2,Black
vallot_0005_-_Copy_(2).bmp,3,Black
vallot_0005_-_Copy_(2).bmp,4,Black
vallot_0005_-_Copy_(2).bmp,5,Black
vallot_0005_-_Copy_(2).bmp,6,White
vallot_0005_-_Copy_(3)_-_Copy_-_Copy.bmp,1,White
vallot_0005_-_Copy_(3)_-_Copy_-_Copy.bmp,2,Black
vallot_0005_-_Copy_(3)_-_Copy_-_Copy.bmp,3,Black
vallot_0005_-_Copy_(3)_-_Copy_-_Copy.bmp,4,Black
vallot_0005_-_Copy_(3)_-_Copy_-_Copy.bmp,5,Black
vallot_0005_-_Copy_(3)_-_Copy_-_Copy.bmp,6,White
vallot_0005_-_Copy_(3)_-_Copy.bmp,1,White
vallot_0005_-_Copy_(3)_-_Copy.bmp,2,Black
vallot_0005_-_Copy_(3)_-_Copy.bmp,3,Black
vallot_0005_-_Copy_(3)_-_Copy.bmp,4,Black
vallot_0005_-_Copy_(3)_-_Copy.bmp,5,Black
vallot_0005_-_Copy_(3)_-_Copy.bmp,6,White
vallot_0005_-_Copy_(3).bmp,1,White
vallot_0005_-_Copy_(3).bmp,2,Black
vallot_0005_-_Copy_(3).bmp,3,Black
vallot_0005_-_Copy_(3).bmp,4,Black
vallot_0005_-_Copy_(3).bmp,5,Black
vallot_0005_-_Copy_(3).bmp,6,White
vallot_0005_-_Copy_(4)_-_Copy_-_Copy.bmp,1,White
vallot_0005_-_Copy_(4)_-_Copy_-_Copy.bmp,2,Black
vallot_0005_-_Copy_(4)_-_Copy_-_Copy.bmp,3,Black
vallot_0005_-_Copy_(4)_-_Copy_-_Copy.bmp,4,Black
vallot_0005_-_Copy_(4)_-_Copy_-_Copy.bmp,5,Black
vallot_0005_-_Copy_(4)_-_Copy_-_Copy.bmp,6,White
